-- INSERT INTO `day_of_week` (`day_of_week_id`, `idx`, `name`) VALUES (1, 0, '토요일');
-- INSERT INTO `day_of_week` (`day_of_week_id`, `idx`, `name`) VALUES (2, 1, '일요일');
-- INSERT INTO `day_of_week` (`day_of_week_id`, `idx`, `name`) VALUES (3, 2, '월요일');
-- INSERT INTO `day_of_week` (`day_of_week_id`, `idx`, `name`) VALUES (4, 3, '화요일');
-- INSERT INTO `day_of_week` (`day_of_week_id`, `idx`, `name`) VALUES (5, 4, '수요일');
-- INSERT INTO `day_of_week` (`day_of_week_id`, `idx`, `name`) VALUES (6, 5, '목요일');
-- INSERT INTO `day_of_week` (`day_of_week_id`, `idx`, `name`) VALUES (7, 6, '금요일');
-- INSERT INTO `day_of_week` (`day_of_week_id`, `idx`, `name`) VALUES (8, 7, '토요일');
-- INSERT INTO `week` (`week_id`, `idx`, `name`) VALUES (1, 1, '첫째주');
-- INSERT INTO `week` (`week_id`, `idx`, `name`) VALUES (2, 2, '둘째주');
-- INSERT INTO `week` (`week_id`, `idx`, `name`) VALUES (3, 3, '셋째주');
-- INSERT INTO `week` (`week_id`, `idx`, `name`) VALUES (4, 4, '넷째주');
-- INSERT INTO `week` (`week_id`, `idx`, `name`) VALUES (5, 5, '다섯째주');
-- INSERT INTO `week` (`week_id`, `idx`, `name`) VALUES (6, 6, '여섯째주');
-- INSERT INTO `equipment` (`equipment_id`, `created`, `maker`, `model`, `name`, `type`, `updated`, `description`) VALUES (1, '2021-05-20 09:31:14.000000', NULL, 'EPIC-M2500', 'EPIC-M2500', '0', '2021-05-20 09:31:14.000000', '에어 컴프레셔');
-- INSERT INTO `equipment` (`equipment_id`, `created`, `maker`, `model`, `name`, `type`, `updated`, `description`) VALUES (3, '2020-11-09 22:44:07.000000', '루텍', 'Accura', 'Accura', '1', '2020-11-09 22:44:07.000000', '전력');
-- INSERT INTO `equipment` (`equipment_id`, `created`, `maker`, `model`, `name`, `type`, `updated`, `description`) VALUES (4, '2021-04-29 11:21:37.000000', NULL, NULL, '유량계', '3', '2021-04-29 11:21:37.000000', '유량계');
-- INSERT INTO `equipment` (`equipment_id`, `created`, `maker`, `model`, `name`, `type`, `updated`, `description`) VALUES (6, '2021-05-20 10:13:01.000000', NULL, NULL, '습도 계측기', '5', '2021-05-20 10:13:01.000000', '습도계');
-- INSERT INTO `equipment` (`equipment_id`, `created`, `maker`, `model`, `name`, `type`, `updated`, `description`) VALUES (7, '2021-05-20 10:11:12.000000', NULL, NULL, '온도 계측기', '4', '2021-05-20 10:12:58.000000', '온도계');
-- INSERT INTO `equipment` (`equipment_id`, `created`, `maker`, `model`, `name`, `type`, `updated`, `description`) VALUES (8, '2021-07-01 15:46:18.000000', NULL, NULL, '온습도 계측기', '6', '2021-07-01 15:46:18.000000', '온습도계');
-- INSERT INTO `equipment` (`equipment_id`, `created`, `maker`, `model`, `name`, `type`, `updated`, `description`) VALUES (9, '2022-03-08 13:06:28.000000', '남전사', '남전사', '남전사', '1', '2022-03-08 13:06:29.000000', '전력');
-- INSERT INTO `equipment` (`equipment_id`, `created`, `maker`, `model`, `name`, `type`, `updated`, `description`) VALUES (10, '2022-04-12 15:59:19.000000', NULL, NULL, NULL, '2', '2022-04-12 15:59:20.000000', '압력계');
-- INSERT INTO `energy` (`energy_id`, `mj`, `kcal`, `name`, `tco2`, `toe`, `usage`) VALUES (2, 32.7, 7810, '휘발유', 0, 0.781, 1000);
-- INSERT INTO `energy` (`energy_id`, `mj`, `kcal`, `name`, `tco2`, `toe`, `usage`) VALUES (3, 36.7, 8770, '등유', 0, 0.877, 1000);
-- INSERT INTO `energy` (`energy_id`, `mj`, `kcal`, `name`, `tco2`, `toe`, `usage`) VALUES (4, 37.8, 9030, '경유', 0, 0.903, 1000);
-- INSERT INTO `energy` (`energy_id`, `mj`, `kcal`, `name`, `tco2`, `toe`, `usage`) VALUES (5, 39, 9310, 'B-A유', 0, 0.931, 1000);
-- INSERT INTO `energy` (`energy_id`, `mj`, `kcal`, `name`, `tco2`, `toe`, `usage`) VALUES (6, 40.5, 9670, 'B-B유', 0, 0.967, 1000);
-- INSERT INTO `energy` (`energy_id`, `mj`, `kcal`, `name`, `tco2`, `toe`, `usage`) VALUES (7, 41.7, 9960, 'B-C유', 0, 0.996, 1000);
-- INSERT INTO `energy` (`energy_id`, `mj`, `kcal`, `name`, `tco2`, `toe`, `usage`) VALUES (8, 50.4, 12040, '프로판', 0, 1.204, 1000);
-- INSERT INTO `energy` (`energy_id`, `mj`, `kcal`, `name`, `tco2`, `toe`, `usage`) VALUES (9, 49.5, 11820, '부탄', 0, 1.182, 1000);
-- INSERT INTO `energy` (`energy_id`, `mj`, `kcal`, `name`, `tco2`, `toe`, `usage`) VALUES (10, 32.3, 7710, '나프타', 0, 0.771, 1000);
-- INSERT INTO `energy` (`energy_id`, `mj`, `kcal`, `name`, `tco2`, `toe`, `usage`) VALUES (11, 32.8, 7830, '용제', 0, 0.783, 1000);
-- INSERT INTO `energy` (`energy_id`, `mj`, `kcal`, `name`, `tco2`, `toe`, `usage`) VALUES (12, 36.5, 8720, '항공유', 0, 0.872, 1000);
-- INSERT INTO `energy` (`energy_id`, `mj`, `kcal`, `name`, `tco2`, `toe`, `usage`) VALUES (13, 41.4, 9890, '아스팔트', 0, 0.989, 1000);
-- INSERT INTO `energy` (`energy_id`, `mj`, `kcal`, `name`, `tco2`, `toe`, `usage`) VALUES (14, 40, 9550, '윤활유', 0, 0.955, 1000);
-- INSERT INTO `energy` (`energy_id`, `mj`, `kcal`, `name`, `tco2`, `toe`, `usage`) VALUES (15, 35, 8360, '석유코크스', 0, 0.836, 1000);
-- INSERT INTO `energy` (`energy_id`, `mj`, `kcal`, `name`, `tco2`, `toe`, `usage`) VALUES (16, 39.9, 9530, '부생연료유2호', 0, 0.953, 1000);
-- INSERT INTO `energy` (`energy_id`, `mj`, `kcal`, `name`, `tco2`, `toe`, `usage`) VALUES (17, 54.7, 13060, '천연가스(LNG)', 0, 1.306, 1000);
-- INSERT INTO `energy` (`energy_id`, `mj`, `kcal`, `name`, `tco2`, `toe`, `usage`) VALUES (18, 38.9, 15.272, '도시가스(LNG)', 0.4594, 1.029, 1000);
-- INSERT INTO `energy` (`energy_id`, `mj`, `kcal`, `name`, `tco2`, `toe`, `usage`) VALUES (19, 63.6, 15190, '도시가스(LPG)', 0, 1.519, 1000);
-- INSERT INTO `energy` (`energy_id`, `mj`, `kcal`, `name`, `tco2`, `toe`, `usage`) VALUES (20, 19.8, 4730, '국내무연탄', 0, 0.473, 1000);
-- INSERT INTO `energy` (`energy_id`, `mj`, `kcal`, `name`, `tco2`, `toe`, `usage`) VALUES (21, 21.2, 5060, '연료용 수입무연탄', 0, 0.506, 1000);
-- INSERT INTO `energy` (`energy_id`, `mj`, `kcal`, `name`, `tco2`, `toe`, `usage`) VALUES (22, 25.2, 6020, '원료용 수입무연탄', 0, 0.602, 1000);
-- INSERT INTO `energy` (`energy_id`, `mj`, `kcal`, `name`, `tco2`, `toe`, `usage`) VALUES (23, 24.8, 5920, '연료용 유연탄', 0, 0.592, 1000);
-- INSERT INTO `energy` (`energy_id`, `mj`, `kcal`, `name`, `tco2`, `toe`, `usage`) VALUES (ingv224, 29.2, 6970, '원료용 유연탄', 0, 0.697, 1000);
-- INSERT INTO `energy` (`energy_id`, `mj`, `kcal`, `name`, `tco2`, `toe`, `usage`) VALUES (25, 21.4, 5110, '아역청탄', 0, 0.511, 1000);
-- INSERT INTO `energy` (`energy_id`, `mj`, `kcal`, `name`, `tco2`, `toe`, `usage`) VALUES (26, 29, 6930, '코크스', 0, 0.693, 1000);
-- INSERT INTO `energy` (`energy_id`, `mj`, `kcal`, `name`, `tco2`, `toe`, `usage`) VALUES (27, 8.9, 2130, '전력(발전기준)', 0, 0.213, 1000);
-- INSERT INTO `energy` (`energy_id`, `mj`, `kcal`, `name`, `tco2`, `toe`, `usage`) VALUES (28, 9.6, 2290, '전력(소비기준)', 0.21782962, 0.229, 1000);
-- INSERT INTO `energy` (`energy_id`, `mj`, `kcal`, `name`, `tco2`, `toe`, `usage`) VALUES (29, 18.8, 4500, '신탄', 0, 0.45, 1000);
-- INSERT INTO `energy` (`energy_id`, `mj`, `kcal`, `name`, `tco2`, `toe`, `usage`) VALUES (30, 0, 0, '수도', 0, 0, 1000);
