INSERT INTO `day_of_week` (`day_of_week_id`, `idx`, `name`) VALUES (1, 6, '토');
INSERT INTO `day_of_week` (`day_of_week_id`, `idx`, `name`) VALUES (2, 0, '일');
INSERT INTO `day_of_week` (`day_of_week_id`, `idx`, `name`) VALUES (3, 1, '월');
INSERT INTO `day_of_week` (`day_of_week_id`, `idx`, `name`) VALUES (4, 2, '화');
INSERT INTO `day_of_week` (`day_of_week_id`, `idx`, `name`) VALUES (5, 3, '수');
INSERT INTO `day_of_week` (`day_of_week_id`, `idx`, `name`) VALUES (6, 4, '목');
INSERT INTO `day_of_week` (`day_of_week_id`, `idx`, `name`) VALUES (7, 5, '금');
INSERT INTO `day_of_week` (`day_of_week_id`, `idx`, `name`) VALUES (8, 6, '토');
INSERT INTO `week` (`week_id`, `idx`, `name`) VALUES (1, 1, '첫째주');
INSERT INTO `week` (`week_id`, `idx`, `name`) VALUES (2, 2, '둘째주');
INSERT INTO `week` (`week_id`, `idx`, `name`) VALUES (3, 3, '셋째주');
INSERT INTO `week` (`week_id`, `idx`, `name`) VALUES (4, 4, '넷째주');
INSERT INTO `week` (`week_id`, `idx`, `name`) VALUES (5, 5, '다섯째주');
INSERT INTO `week` (`week_id`, `idx`, `name`) VALUES (6, 6, '여섯째주');
INSERT INTO `equipment` (`equipment_id`, `created`, `maker`, `model`, `name`, `type`, `updated`, `description`) VALUES (1, '2021-05-20 09:31:14.000000', NULL, 'EPIC-M2500', 'EPIC-M2500', '0', '2021-05-20 09:31:14.000000', '에어 컴프레셔');
INSERT INTO `equipment` (`equipment_id`, `created`, `maker`, `model`, `name`, `type`, `updated`, `description`) VALUES (3, '2020-11-09 22:44:07.000000', '루텍', 'Accura', 'Accura', '1', '2020-11-09 22:44:07.000000', '전력');
INSERT INTO `equipment` (`equipment_id`, `created`, `maker`, `model`, `name`, `type`, `updated`, `description`) VALUES (4, '2021-04-29 11:21:37.000000', NULL, NULL, '유량계', '3', '2021-04-29 11:21:37.000000', '유량계');
INSERT INTO `equipment` (`equipment_id`, `created`, `maker`, `model`, `name`, `type`, `updated`, `description`) VALUES (6, '2021-05-20 10:13:01.000000', NULL, NULL, '습도 계측기', '5', '2021-05-20 10:13:01.000000', '습도계');
INSERT INTO `equipment` (`equipment_id`, `created`, `maker`, `model`, `name`, `type`, `updated`, `description`) VALUES (7, '2021-05-20 10:11:12.000000', NULL, NULL, '온도 계측기', '4', '2021-05-20 10:12:58.000000', '온도계');
INSERT INTO `equipment` (`equipment_id`, `created`, `maker`, `model`, `name`, `type`, `updated`, `description`) VALUES (8, '2021-07-01 15:46:18.000000', NULL, NULL, '온습도 계측기', '6', '2021-07-01 15:46:18.000000', '온습도계');
INSERT INTO `equipment` (`equipment_id`, `created`, `maker`, `model`, `name`, `type`, `updated`, `description`) VALUES (9, '2022-03-08 13:06:28.000000', '남전사', '남전사', '남전사', '1', '2022-03-08 13:06:29.000000', '전력');
INSERT INTO `equipment` (`equipment_id`, `created`, `maker`, `model`, `name`, `type`, `updated`, `description`) VALUES (10, '2022-04-12 15:59:19.000000', NULL, NULL, NULL, '2', '2022-04-12 15:59:20.000000', '압력계');
INSERT INTO `energy` (`energy_id`, `mj`, `kcal`, `name`, `tco2`, `toe`, `usage`) VALUES (2, 32.7, 7810, '휘발유', 0, 0.781, 1000);
INSERT INTO `energy` (`energy_id`, `mj`, `kcal`, `name`, `tco2`, `toe`, `usage`) VALUES (3, 36.7, 8770, '등유', 0, 0.877, 1000);
INSERT INTO `energy` (`energy_id`, `mj`, `kcal`, `name`, `tco2`, `toe`, `usage`) VALUES (4, 37.8, 9030, '경유', 0, 0.903, 1000);
INSERT INTO `energy` (`energy_id`, `mj`, `kcal`, `name`, `tco2`, `toe`, `usage`) VALUES (5, 39, 9310, 'B-A유', 0, 0.931, 1000);
INSERT INTO `energy` (`energy_id`, `mj`, `kcal`, `name`, `tco2`, `toe`, `usage`) VALUES (6, 40.5, 9670, 'B-B유', 0, 0.967, 1000);
INSERT INTO `energy` (`energy_id`, `mj`, `kcal`, `name`, `tco2`, `toe`, `usage`) VALUES (7, 41.7, 9960, 'B-C유', 0, 0.996, 1000);
INSERT INTO `energy` (`energy_id`, `mj`, `kcal`, `name`, `tco2`, `toe`, `usage`) VALUES (8, 50.4, 12040, '프로판', 0, 1.204, 1000);
INSERT INTO `energy` (`energy_id`, `mj`, `kcal`, `name`, `tco2`, `toe`, `usage`) VALUES (9, 49.5, 11820, '부탄', 0, 1.182, 1000);
INSERT INTO `energy` (`energy_id`, `mj`, `kcal`, `name`, `tco2`, `toe`, `usage`) VALUES (10, 32.3, 7710, '나프타', 0, 0.771, 1000);
INSERT INTO `energy` (`energy_id`, `mj`, `kcal`, `name`, `tco2`, `toe`, `usage`) VALUES (11, 32.8, 7830, '용제', 0, 0.783, 1000);
INSERT INTO `energy` (`energy_id`, `mj`, `kcal`, `name`, `tco2`, `toe`, `usage`) VALUES (12, 36.5, 8720, '항공유', 0, 0.872, 1000);
INSERT INTO `energy` (`energy_id`, `mj`, `kcal`, `name`, `tco2`, `toe`, `usage`) VALUES (13, 41.4, 9890, '아스팔트', 0, 0.989, 1000);
INSERT INTO `energy` (`energy_id`, `mj`, `kcal`, `name`, `tco2`, `toe`, `usage`) VALUES (14, 40, 9550, '윤활유', 0, 0.955, 1000);
INSERT INTO `energy` (`energy_id`, `mj`, `kcal`, `name`, `tco2`, `toe`, `usage`) VALUES (15, 35, 8360, '석유코크스', 0, 0.836, 1000);
INSERT INTO `energy` (`energy_id`, `mj`, `kcal`, `name`, `tco2`, `toe`, `usage`) VALUES (16, 39.9, 9530, '부생연료유2호', 0, 0.953, 1000);
INSERT INTO `energy` (`energy_id`, `mj`, `kcal`, `name`, `tco2`, `toe`, `usage`) VALUES (17, 54.7, 13060, '천연가스(LNG)', 0, 1.306, 1000);
INSERT INTO `energy` (`energy_id`, `mj`, `kcal`, `name`, `tco2`, `toe`, `usage`) VALUES (18, 38.9, 15.272, '도시가스(LNG)', 0.4594, 1.029, 1000);
INSERT INTO `energy` (`energy_id`, `mj`, `kcal`, `name`, `tco2`, `toe`, `usage`) VALUES (19, 63.6, 15190, '도시가스(LPG)', 0, 1.519, 1000);
INSERT INTO `energy` (`energy_id`, `mj`, `kcal`, `name`, `tco2`, `toe`, `usage`) VALUES (20, 19.8, 4730, '국내무연탄', 0, 0.473, 1000);
INSERT INTO `energy` (`energy_id`, `mj`, `kcal`, `name`, `tco2`, `toe`, `usage`) VALUES (21, 21.2, 5060, '연료용 수입무연탄', 0, 0.506, 1000);
INSERT INTO `energy` (`energy_id`, `mj`, `kcal`, `name`, `tco2`, `toe`, `usage`) VALUES (22, 25.2, 6020, '원료용 수입무연탄', 0, 0.602, 1000);
INSERT INTO `energy` (`energy_id`, `mj`, `kcal`, `name`, `tco2`, `toe`, `usage`) VALUES (23, 24.8, 5920, '연료용 유연탄', 0, 0.592, 1000);
INSERT INTO `energy` (`energy_id`, `mj`, `kcal`, `name`, `tco2`, `toe`, `usage`) VALUES (24, 29.2, 6970, '원료용 유연탄', 0, 0.697, 1000);
INSERT INTO `energy` (`energy_id`, `mj`, `kcal`, `name`, `tco2`, `toe`, `usage`) VALUES (25, 21.4, 5110, '아역청탄', 0, 0.511, 1000);
INSERT INTO `energy` (`energy_id`, `mj`, `kcal`, `name`, `tco2`, `toe`, `usage`) VALUES (26, 29, 6930, '코크스', 0, 0.693, 1000);
INSERT INTO `energy` (`energy_id`, `mj`, `kcal`, `name`, `tco2`, `toe`, `usage`) VALUES (27, 8.9, 2130, '전력(발전기준)', 0, 0.213, 1000);
INSERT INTO `energy` (`energy_id`, `mj`, `kcal`, `name`, `tco2`, `toe`, `usage`) VALUES (28, 9.6, 2290, '전력(소비기준)', 0.21782962, 0.229, 1000);
INSERT INTO `energy` (`energy_id`, `mj`, `kcal`, `name`, `tco2`, `toe`, `usage`) VALUES (29, 18.8, 4500, '신탄', 0, 0.45, 1000);
INSERT INTO `energy` (`energy_id`, `mj`, `kcal`, `name`, `tco2`, `toe`, `usage`) VALUES (30, 0, 0, '수도', 0, 0, 1000);

INSERT INTO `tag_list` (`tag_id`, `is_alarm`, `is_trend`, `is_usage`, `logging_time`, `nickname`, `show_able`, `tag_description`, `tagname`, `type`, `unit`, `unit_conversion`, `value`, `equipment_id`, `min`, `max`, `test_type`) VALUES (225, b'0', NULL, NULL, NULL, NULL, b'1', '전류', 'U001_PWR_A', 'PWR_A', 'A', NULL, NULL, 3, 7, 15, 'double');
INSERT INTO `tag_list` (`tag_id`, `is_alarm`, `is_trend`, `is_usage`, `logging_time`, `nickname`, `show_able`, `tag_description`, `tagname`, `type`, `unit`, `unit_conversion`, `value`, `equipment_id`, `min`, `max`, `test_type`) VALUES (226, b'0', NULL, NULL, NULL, NULL, b'1', '무효전력량', 'U001_PWR_Kvarh', 'PWR_Kvarh', 'kW', NULL, NULL, 3, 7, 15, 'double');
INSERT INTO `tag_list` (`tag_id`, `is_alarm`, `is_trend`, `is_usage`, `logging_time`, `nickname`, `show_able`, `tag_description`, `tagname`, `type`, `unit`, `unit_conversion`, `value`, `equipment_id`, `min`, `max`, `test_type`) VALUES (227, b'0', NULL, NULL, NULL, NULL, b'1', '유효전력', 'U001_PWR_KW', 'PWR_KW', 'W', NULL, NULL, 3, 7, 15, 'double');
INSERT INTO `tag_list` (`tag_id`, `is_alarm`, `is_trend`, `is_usage`, `logging_time`, `nickname`, `show_able`, `tag_description`, `tagname`, `type`, `unit`, `unit_conversion`, `value`, `equipment_id`, `min`, `max`, `test_type`) VALUES (228, b'0', NULL, NULL, NULL, NULL, b'1', '유효전력량', 'U001_PWR_KWh', 'PWR_KWh', 'kWh', NULL, NULL, 3, 7, 15, 'double');
INSERT INTO `tag_list` (`tag_id`, `is_alarm`, `is_trend`, `is_usage`, `logging_time`, `nickname`, `show_able`, `tag_description`, `tagname`, `type`, `unit`, `unit_conversion`, `value`, `equipment_id`, `min`, `max`, `test_type`) VALUES (229, b'0', NULL, NULL, NULL, NULL, b'1', '역률', 'U001_PWR_PF', 'PWR_PF', '%', NULL, NULL, 3, 7, 15, 'double');
INSERT INTO `tag_list` (`tag_id`, `is_alarm`, `is_trend`, `is_usage`, `logging_time`, `nickname`, `show_able`, `tag_description`, `tagname`, `type`, `unit`, `unit_conversion`, `value`, `equipment_id`, `min`, `max`, `test_type`) VALUES (230, b'0', NULL, NULL, NULL, NULL, b'1', '전압', 'U001_PWR_V', 'PWR_V', 'V', NULL, NULL, 3, 7, 15, 'double');
INSERT INTO `tag_list` (`tag_id`, `is_alarm`, `is_trend`, `is_usage`, `logging_time`, `nickname`, `show_able`, `tag_description`, `tagname`, `type`, `unit`, `unit_conversion`, `value`, `equipment_id`, `min`, `max`, `test_type`) VALUES (231, b'0', NULL, NULL, NULL, NULL, b'1', '압력', 'U006_AIR_PRE', 'AIR_PRE', 'bar', NULL, NULL, 10, 7, 15, 'double');
INSERT INTO `tag_list` (`tag_id`, `is_alarm`, `is_trend`, `is_usage`, `logging_time`, `nickname`, `show_able`, `tag_description`, `tagname`, `type`, `unit`, `unit_conversion`, `value`, `equipment_id`, `min`, `max`, `test_type`) VALUES (232, b'0', NULL, NULL, NULL, NULL, b'1', '순시유량', 'U005_AIR_Flow', 'AIR_Flow', 'm³', NULL, NULL, 4, 7, 15, 'double');
INSERT INTO `tag_list` (`tag_id`, `is_alarm`, `is_trend`, `is_usage`, `logging_time`, `nickname`, `show_able`, `tag_description`, `tagname`, `type`, `unit`, `unit_conversion`, `value`, `equipment_id`, `min`, `max`, `test_type`) VALUES (233, b'0', NULL, NULL, NULL, NULL, b'1', '적산유량', 'U005_AIR_Con', 'AIR_Con', 'm³', NULL, NULL, 4, 7, 15, 'double');
INSERT INTO `tag_list` (`tag_id`, `is_alarm`, `is_trend`, `is_usage`, `logging_time`, `nickname`, `show_able`, `tag_description`, `tagname`, `type`, `unit`, `unit_conversion`, `value`, `equipment_id`, `min`, `max`, `test_type`) VALUES (234, b'0', NULL, NULL, NULL, NULL, b'1', '온도', 'U005_AIR_Temp', 'AIR_Temp', '℃', NULL, NULL, 4, 7, 15, 'double');
INSERT INTO `tag_list` (`tag_id`, `is_alarm`, `is_trend`, `is_usage`, `logging_time`, `nickname`, `show_able`, `tag_description`, `tagname`, `type`, `unit`, `unit_conversion`, `value`, `equipment_id`, `min`, `max`, `test_type`) VALUES (235, b'0', NULL, NULL, NULL, NULL, b'1', '온도', 'U007_WAR_Temp', 'WAR_Temp', '℃', NULL, NULL, 7, 7, 15, 'double');
INSERT INTO `tag_list` (`tag_id`, `is_alarm`, `is_trend`, `is_usage`, `logging_time`, `nickname`, `show_able`, `tag_description`, `tagname`, `type`, `unit`, `unit_conversion`, `value`, `equipment_id`, `min`, `max`, `test_type`) VALUES (236, b'0', NULL, NULL, NULL, NULL, b'1', '최종 냉각기 배출 압력', 'U004_COMP_ACDisPre', 'COMP_ACDisPre', 'bar', NULL, NULL, 1, 7, 15, 'double');
INSERT INTO `tag_list` (`tag_id`, `is_alarm`, `is_trend`, `is_usage`, `logging_time`, `nickname`, `show_able`, `tag_description`, `tagname`, `type`, `unit`, `unit_conversion`, `value`, `equipment_id`, `min`, `max`, `test_type`) VALUES (237, b'0', NULL, NULL, NULL, NULL, b'1', '활성 트립 코드', 'U004_COMP_ActTripCode', 'COMP_ActTripCode', NULL, NULL, NULL, 1, 1, 17, 'double');
INSERT INTO `tag_list` (`tag_id`, `is_alarm`, `is_trend`, `is_usage`, `logging_time`, `nickname`, `show_able`, `tag_description`, `tagname`, `type`, `unit`, `unit_conversion`, `value`, `equipment_id`, `min`, `max`, `test_type`) VALUES (238, b'0', NULL, NULL, NULL, NULL, b'1', '활성 경고 코드', 'U004_COMP_ActWarCode', 'COMP_ActWarCode', NULL, NULL, NULL, 1, 7, 15, 'double');
INSERT INTO `tag_list` (`tag_id`, `is_alarm`, `is_trend`, `is_usage`, `logging_time`, `nickname`, `show_able`, `tag_description`, `tagname`, `type`, `unit`, `unit_conversion`, `value`, `equipment_id`, `min`, `max`, `test_type`) VALUES (239, b'0', NULL, NULL, NULL, NULL, b'1', '최종냉각기 방전온도', 'U004_COMP_AfcDisTemp', 'COMP_AfcDisTemp', '℃', NULL, NULL, 1, 7, 15, 'double');
INSERT INTO `tag_list` (`tag_id`, `is_alarm`, `is_trend`, `is_usage`, `logging_time`, `nickname`, `show_able`, `tag_description`, `tagname`, `type`, `unit`, `unit_conversion`, `value`, `equipment_id`, `min`, `max`, `test_type`) VALUES (240, b'0', NULL, NULL, NULL, NULL, b'1', '에어엔드 방전 온도', 'U004_COMP_AirDisTemp', 'COMP_AirDisTemp', '℃', NULL, NULL, 1, 7, 15, 'double');
INSERT INTO `tag_list` (`tag_id`, `is_alarm`, `is_trend`, `is_usage`, `logging_time`, `nickname`, `show_able`, `tag_description`, `tagname`, `type`, `unit`, `unit_conversion`, `value`, `equipment_id`, `min`, `max`, `test_type`) VALUES (241, b'0', NULL, NULL, NULL, NULL, b'1', '냉각수 필터 입구 압력', 'U004_COMP_CoolInPre', 'COMP_CoolInPre', 'bar', NULL, NULL, 1, 7, 15, 'double');
INSERT INTO `tag_list` (`tag_id`, `is_alarm`, `is_trend`, `is_usage`, `logging_time`, `nickname`, `show_able`, `tag_description`, `tagname`, `type`, `unit`, `unit_conversion`, `value`, `equipment_id`, `min`, `max`, `test_type`) VALUES (242, b'0', NULL, NULL, NULL, NULL, b'1', '냉각수 필터 출구 압력', 'U004_COMP_CoolOutPre', 'COMP_CoolOutPre', 'bar', NULL, NULL, 1, 7, 15, 'double');
INSERT INTO `tag_list` (`tag_id`, `is_alarm`, `is_trend`, `is_usage`, `logging_time`, `nickname`, `show_able`, `tag_description`, `tagname`, `type`, `unit`, `unit_conversion`, `value`, `equipment_id`, `min`, `max`, `test_type`) VALUES (243, b'0', NULL, NULL, NULL, NULL, b'1', '냉각수 필터 압력 강하', 'U004_COMP_CoolPreDrop', 'COMP_CoolPreDrop', 'bar', NULL, NULL, 1, 7, 15, 'double');
INSERT INTO `tag_list` (`tag_id`, `is_alarm`, `is_trend`, `is_usage`, `logging_time`, `nickname`, `show_able`, `tag_description`, `tagname`, `type`, `unit`, `unit_conversion`, `value`, `equipment_id`, `min`, `max`, `test_type`) VALUES (244, b'0', NULL, NULL, NULL, NULL, b'1', '드라이어 응축기 온도', 'U004_COMP_DryCondTemp', 'COMP_DryCondTemp', '℃', NULL, NULL, 1, 7, 15, 'double');
INSERT INTO `tag_list` (`tag_id`, `is_alarm`, `is_trend`, `is_usage`, `logging_time`, `nickname`, `show_able`, `tag_description`, `tagname`, `type`, `unit`, `unit_conversion`, `value`, `equipment_id`, `min`, `max`, `test_type`) VALUES (245, b'0', NULL, NULL, NULL, NULL, b'1', '드라이어 증발기 온도', 'U004_COMP_DryEvapTemp', 'COMP_DryEvapTemp', '℃', NULL, NULL, 1, 7, 15, 'double');
INSERT INTO `tag_list` (`tag_id`, `is_alarm`, `is_trend`, `is_usage`, `logging_time`, `nickname`, `show_able`, `tag_description`, `tagname`, `type`, `unit`, `unit_conversion`, `value`, `equipment_id`, `min`, `max`, `test_type`) VALUES (246, b'0', NULL, NULL, NULL, NULL, b'1', '주입된 냉각수 온도', 'U004_COMP_InCoolTemp', 'COMP_InCoolTemp', '℃', NULL, NULL, 1, 7, 15, 'double');
INSERT INTO `tag_list` (`tag_id`, `is_alarm`, `is_trend`, `is_usage`, `logging_time`, `nickname`, `show_able`, `tag_description`, `tagname`, `type`, `unit`, `unit_conversion`, `value`, `equipment_id`, `min`, `max`, `test_type`) VALUES (247, b'0', NULL, NULL, NULL, NULL, b'1', '흡기 진공', 'U004_COMP_InletVacuum', 'COMP_InletVacuum', NULL, NULL, NULL, 1, 7, 15, 'double');
INSERT INTO `tag_list` (`tag_id`, `is_alarm`, `is_trend`, `is_usage`, `logging_time`, `nickname`, `show_able`, `tag_description`, `tagname`, `type`, `unit`, `unit_conversion`, `value`, `equipment_id`, `min`, `max`, `test_type`) VALUES (248, b'0', NULL, NULL, NULL, NULL, b'1', '단계간 압력', 'U004_COMP_InterPre', 'COMP_InterPre', 'bar', NULL, NULL, 1, 7, 15, 'double');
INSERT INTO `tag_list` (`tag_id`, `is_alarm`, `is_trend`, `is_usage`, `logging_time`, `nickname`, `show_able`, `tag_description`, `tagname`, `type`, `unit`, `unit_conversion`, `value`, `equipment_id`, `min`, `max`, `test_type`) VALUES (249, b'0', NULL, NULL, NULL, NULL, b'1', '0=Unload 1=Load', 'U004_COMP_Load', 'COMP_Load', NULL, NULL, NULL, 1, 0, 1, 'double');
INSERT INTO `tag_list` (`tag_id`, `is_alarm`, `is_trend`, `is_usage`, `logging_time`, `nickname`, `show_able`, `tag_description`, `tagname`, `type`, `unit`, `unit_conversion`, `value`, `equipment_id`, `min`, `max`, `test_type`) VALUES (250, b'0', NULL, NULL, NULL, NULL, b'1', '0=local 1 = Host', 'U004_COMP_Local', 'COMP_Local', NULL, NULL, NULL, 1, 0, 1, 'double');
INSERT INTO `tag_list` (`tag_id`, `is_alarm`, `is_trend`, `is_usage`, `logging_time`, `nickname`, `show_able`, `tag_description`, `tagname`, `type`, `unit`, `unit_conversion`, `value`, `equipment_id`, `min`, `max`, `test_type`) VALUES (251, b'0', NULL, NULL, NULL, NULL, b'1', '로드된 시간(높은 바이트, 낮은 바이트)', 'U004_COMP_LodeHours', 'COMP_LodeHours', 'H', NULL, NULL, 1, 7, 15, 'double');
INSERT INTO `tag_list` (`tag_id`, `is_alarm`, `is_trend`, `is_usage`, `logging_time`, `nickname`, `show_able`, `tag_description`, `tagname`, `type`, `unit`, `unit_conversion`, `value`, `equipment_id`, `min`, `max`, `test_type`) VALUES (252, b'0', NULL, NULL, NULL, NULL, b'1', '오일쿨러 출구 온도', 'U004_COMP_OilOutTemp', 'COMP_OilOutTemp', '℃', NULL, NULL, 1, 7, 15, 'double');
INSERT INTO `tag_list` (`tag_id`, `is_alarm`, `is_trend`, `is_usage`, `logging_time`, `nickname`, `show_able`, `tag_description`, `tagname`, `type`, `unit`, `unit_conversion`, `value`, `equipment_id`, `min`, `max`, `test_type`) VALUES (253, b'0', NULL, NULL, NULL, NULL, b'1', '패키지 방전 압력', 'U004_COMP_PackDisPre', 'COMP_PackDisPre', 'bar', NULL, NULL, 1, 7, 15, 'double');
INSERT INTO `tag_list` (`tag_id`, `is_alarm`, `is_trend`, `is_usage`, `logging_time`, `nickname`, `show_able`, `tag_description`, `tagname`, `type`, `unit`, `unit_conversion`, `value`, `equipment_id`, `min`, `max`, `test_type`) VALUES (254, b'0', NULL, NULL, NULL, NULL, b'1', '패키지 입구 온도', 'U004_COMP_PackInTemp', 'COMP_PackInTemp', '℃', NULL, NULL, 1, 7, 15, 'double');
INSERT INTO `tag_list` (`tag_id`, `is_alarm`, `is_trend`, `is_usage`, `logging_time`, `nickname`, `show_able`, `tag_description`, `tagname`, `type`, `unit`, `unit_conversion`, `value`, `equipment_id`, `min`, `max`, `test_type`) VALUES (255, b'0', NULL, NULL, NULL, NULL, b'1', '0= stop 1 start strat control', 'U004_COMP_Power', 'COMP_Power', NULL, NULL, NULL, 1, 0, 1, 'double');
INSERT INTO `tag_list` (`tag_id`, `is_alarm`, `is_trend`, `is_usage`, `logging_time`, `nickname`, `show_able`, `tag_description`, `tagname`, `type`, `unit`, `unit_conversion`, `value`, `equipment_id`, `min`, `max`, `test_type`) VALUES (256, b'0', NULL, NULL, NULL, NULL, b'1', '파워온 시간(높은 바이트, 낮은 바이트)', 'U004_COMP_PowerOnHour', 'COMP_PowerOnHour', 'H', NULL, NULL, 1, 7, 15, 'double');
INSERT INTO `tag_list` (`tag_id`, `is_alarm`, `is_trend`, `is_usage`, `logging_time`, `nickname`, `show_able`, `tag_description`, `tagname`, `type`, `unit`, `unit_conversion`, `value`, `equipment_id`, `min`, `max`, `test_type`) VALUES (257, b'0', NULL, NULL, NULL, NULL, b'1', '원격 압력', 'U004_COMP_RemotePre', 'COMP_RemotePre', 'bar', NULL, NULL, 1, 7, 15, 'double');
INSERT INTO `tag_list` (`tag_id`, `is_alarm`, `is_trend`, `is_usage`, `logging_time`, `nickname`, `show_able`, `tag_description`, `tagname`, `type`, `unit`, `unit_conversion`, `value`, `equipment_id`, `min`, `max`, `test_type`) VALUES (258, b'0', NULL, NULL, NULL, NULL, b'1', '실행시간(높은 바이트, 낮은 바이트)', 'U004_COMP_RunHours', 'COMP_RunHours', 'H', NULL, NULL, 1, 7, 15, 'double');
INSERT INTO `tag_list` (`tag_id`, `is_alarm`, `is_trend`, `is_usage`, `logging_time`, `nickname`, `show_able`, `tag_description`, `tagname`, `type`, `unit`, `unit_conversion`, `value`, `equipment_id`, `min`, `max`, `test_type`) VALUES (259, b'0', NULL, NULL, NULL, NULL, b'1', '분리기 압력 강하', 'U004_COMP_SepPreDrop', 'COMP_SepPreDrop', 'bar', NULL, NULL, 1, 7, 15, 'double');
INSERT INTO `tag_list` (`tag_id`, `is_alarm`, `is_trend`, `is_usage`, `logging_time`, `nickname`, `show_able`, `tag_description`, `tagname`, `type`, `unit`, `unit_conversion`, `value`, `equipment_id`, `min`, `max`, `test_type`) VALUES (260, b'0', NULL, NULL, NULL, NULL, b'1', '스타터 유형', 'U004_COMP_StarterType', 'COMP_StarterType', NULL, NULL, NULL, 1, 7, 15, 'double');
INSERT INTO `tag_list` (`tag_id`, `is_alarm`, `is_trend`, `is_usage`, `logging_time`, `nickname`, `show_able`, `tag_description`, `tagname`, `type`, `unit`, `unit_conversion`, `value`, `equipment_id`, `min`, `max`, `test_type`) VALUES (261, b'0', NULL, NULL, NULL, NULL, b'1', '온라인 압력', 'U004_COMP_StartPre', 'COMP_StartPre', 'bar', NULL, NULL, 1, 7, 15, 'double');
INSERT INTO `tag_list` (`tag_id`, `is_alarm`, `is_trend`, `is_usage`, `logging_time`, `nickname`, `show_able`, `tag_description`, `tagname`, `type`, `unit`, `unit_conversion`, `value`, `equipment_id`, `min`, `max`, `test_type`) VALUES (262, b'0', NULL, NULL, NULL, NULL, b'1', '오프라인 압력', 'U004_COMP_StopPre', 'COMP_StopPre', 'bar', NULL, NULL, 1, 7, 15, 'double');
INSERT INTO `tag_list` (`tag_id`, `is_alarm`, `is_trend`, `is_usage`, `logging_time`, `nickname`, `show_able`, `tag_description`, `tagname`, `type`, `unit`, `unit_conversion`, `value`, `equipment_id`, `min`, `max`, `test_type`) VALUES (263, b'0', NULL, NULL, NULL, NULL, b'1', '섬프 압력', 'U004_COMP_SumpPre', 'COMP_SumpPre', 'bar', NULL, NULL, 1, 7, 15, 'double');
INSERT INTO `tag_list` (`tag_id`, `is_alarm`, `is_trend`, `is_usage`, `logging_time`, `nickname`, `show_able`, `tag_description`, `tagname`, `type`, `unit`, `unit_conversion`, `value`, `equipment_id`, `min`, `max`, `test_type`) VALUES (264, b'0', NULL, NULL, NULL, NULL, b'1', '시스템 압력', 'U004_COMP_SystemPre', 'COMP_SystemPre', 'bar', NULL, NULL, 1, 7, 15, 'double');
INSERT INTO `tag_list` (`tag_id`, `is_alarm`, `is_trend`, `is_usage`, `logging_time`, `nickname`, `show_able`, `tag_description`, `tagname`, `type`, `unit`, `unit_conversion`, `value`, `equipment_id`, `min`, `max`, `test_type`) VALUES (265, b'1', NULL, NULL, NULL, NULL, b'1', '0=No active trips 1=active trips', 'U004_COMP_Trip', 'COMP_Trip', NULL, NULL, NULL, 1, 0, 1, 'double');
INSERT INTO `tag_list` (`tag_id`, `is_alarm`, `is_trend`, `is_usage`, `logging_time`, `nickname`, `show_able`, `tag_description`, `tagname`, `type`, `unit`, `unit_conversion`, `value`, `equipment_id`, `min`, `max`, `test_type`) VALUES (266, b'1', NULL, NULL, NULL, NULL, b'1', '0=No active Warnings 1=active Warnings', 'U004_COMP_Warning', 'COMP_Warning', NULL, NULL, NULL, 1, 0, 1, 'double');

INSERT INTO `trip` (`trip_code_id`, `code`, `message`, `is_trip`, `is_warning`) VALUES (1, 1, '1AVPT Failure', b'1', b'0');
INSERT INTO `trip` (`trip_code_id`, `code`, `message`, `is_trip`, `is_warning`) VALUES (2, 2, '2APT Failure', b'1', b'0');
INSERT INTO `trip` (`trip_code_id`, `code`, `message`, `is_trip`, `is_warning`) VALUES (3, 3, '3APT Failure', b'1', b'0');
INSERT INTO `trip` (`trip_code_id`, `code`, `message`, `is_trip`, `is_warning`) VALUES (4, 4, '4APT Failure', b'1', b'0');
INSERT INTO `trip` (`trip_code_id`, `code`, `message`, `is_trip`, `is_warning`) VALUES (5, 5, '5APT Failure', b'1', b'0');
INSERT INTO `trip` (`trip_code_id`, `code`, `message`, `is_trip`, `is_warning`) VALUES (6, 6, '6CPT Failure', b'1', b'0');
INSERT INTO `trip` (`trip_code_id`, `code`, `message`, `is_trip`, `is_warning`) VALUES (7, 7, '7APT Failure', b'1', b'0');
INSERT INTO `trip` (`trip_code_id`, `code`, `message`, `is_trip`, `is_warning`) VALUES (8, 8, '10APT Failure', b'0', b'1');
INSERT INTO `trip` (`trip_code_id`, `code`, `message`, `is_trip`, `is_warning`) VALUES (9, 9, '1ATT Failure', b'0', b'1');
INSERT INTO `trip` (`trip_code_id`, `code`, `message`, `is_trip`, `is_warning`) VALUES (10, 10, '2ATT Failure', b'1', b'0');
INSERT INTO `trip` (`trip_code_id`, `code`, `message`, `is_trip`, `is_warning`) VALUES (11, 11, '2CTT Failure', b'1', b'0');
INSERT INTO `trip` (`trip_code_id`, `code`, `message`, `is_trip`, `is_warning`) VALUES (12, 12, 'AI12 Failure', b'0', b'0');
INSERT INTO `trip` (`trip_code_id`, `code`, `message`, `is_trip`, `is_warning`) VALUES (13, 13, '4ATT Failure', b'0', b'1');
INSERT INTO `trip` (`trip_code_id`, `code`, `message`, `is_trip`, `is_warning`) VALUES (14, 14, '5DTT Failure', b'0', b'1');
INSERT INTO `trip` (`trip_code_id`, `code`, `message`, `is_trip`, `is_warning`) VALUES (15, 15, '6DTT Failure', b'0', b'1');
INSERT INTO `trip` (`trip_code_id`, `code`, `message`, `is_trip`, `is_warning`) VALUES (16, 16, 'AI16 Failure', b'0', b'0');
INSERT INTO `trip` (`trip_code_id`, `code`, `message`, `is_trip`, `is_warning`) VALUES (17, 17, 'Motor Winding Temperature Failure', b'1', b'1');
INSERT INTO `trip` (`trip_code_id`, `code`, `message`, `is_trip`, `is_warning`) VALUES (18, 18, 'Motor Bearing Temperature Failure', b'1', b'1');
INSERT INTO `trip` (`trip_code_id`, `code`, `message`, `is_trip`, `is_warning`) VALUES (19, 101, 'High Inlet Vacuum/Change Inlet Filter', b'1', b'1');
INSERT INTO `trip` (`trip_code_id`, `code`, `message`, `is_trip`, `is_warning`) VALUES (20, 102, 'High Interstage Pressure', b'1', b'0');
INSERT INTO `trip` (`trip_code_id`, `code`, `message`, `is_trip`, `is_warning`) VALUES (21, 103, 'Low Sump Pressure', b'1', b'0');
INSERT INTO `trip` (`trip_code_id`, `code`, `message`, `is_trip`, `is_warning`) VALUES (22, 104, 'High Sump Pressure', b'1', b'1');
INSERT INTO `trip` (`trip_code_id`, `code`, `message`, `is_trip`, `is_warning`) VALUES (23, 105, 'High Separator DeltaP/Charge Separator Element Failure', b'1', b'1');
INSERT INTO `trip` (`trip_code_id`, `code`, `message`, `is_trip`, `is_warning`) VALUES (24, 106, 'High Coolant Filter Pressure Drop/Change Coolant Failure', b'1', b'1');
INSERT INTO `trip` (`trip_code_id`, `code`, `message`, `is_trip`, `is_warning`) VALUES (25, 109, 'High Discharge Pressure ', b'0', b'1');
INSERT INTO `trip` (`trip_code_id`, `code`, `message`, `is_trip`, `is_warning`) VALUES (26, 110, 'Change HE Filter', b'0', b'1');
INSERT INTO `trip` (`trip_code_id`, `code`, `message`, `is_trip`, `is_warning`) VALUES (27, 200, 'Check SD Card', b'0', b'1');
INSERT INTO `trip` (`trip_code_id`, `code`, `message`, `is_trip`, `is_warning`) VALUES (28, 201, 'Low Ambient Temperature', b'0', b'1');
INSERT INTO `trip` (`trip_code_id`, `code`, `message`, `is_trip`, `is_warning`) VALUES (29, 202, 'High Airend Discharge Temperature', b'1', b'1');
INSERT INTO `trip` (`trip_code_id`, `code`, `message`, `is_trip`, `is_warning`) VALUES (30, 203, 'Elevated Airend Discharge Temperature', b'0', b'1');
INSERT INTO `trip` (`trip_code_id`, `code`, `message`, `is_trip`, `is_warning`) VALUES (31, 204, 'Unit Too Cold to Start', b'1', b'0');
INSERT INTO `trip` (`trip_code_id`, `code`, `message`, `is_trip`, `is_warning`) VALUES (32, 205, 'Low Condenser Temperature', b'0', b'1');
INSERT INTO `trip` (`trip_code_id`, `code`, `message`, `is_trip`, `is_warning`) VALUES (33, 206, 'High Condenser Temperature', b'0', b'1');
INSERT INTO `trip` (`trip_code_id`, `code`, `message`, `is_trip`, `is_warning`) VALUES (34, 207, 'Freeze Waring', b'0', b'1');
INSERT INTO `trip` (`trip_code_id`, `code`, `message`, `is_trip`, `is_warning`) VALUES (35, 208, 'High Motor Winding Temperature', b'1', b'1');
INSERT INTO `trip` (`trip_code_id`, `code`, `message`, `is_trip`, `is_warning`) VALUES (36, 209, 'High Motor Bearing Temperature', b'1', b'1');
INSERT INTO `trip` (`trip_code_id`, `code`, `message`, `is_trip`, `is_warning`) VALUES (37, 210, 'High Ambient Temperature', b'1', b'1');
INSERT INTO `trip` (`trip_code_id`, `code`, `message`, `is_trip`, `is_warning`) VALUES (38, 301, 'Emergency Stop', b'1', b'0');
INSERT INTO `trip` (`trip_code_id`, `code`, `message`, `is_trip`, `is_warning`) VALUES (39, 302, 'Main Motor Overload', b'1', b'0');
INSERT INTO `trip` (`trip_code_id`, `code`, `message`, `is_trip`, `is_warning`) VALUES (40, 303, 'Fan Motor Overload/Blower Fault', b'1', b'0');
INSERT INTO `trip` (`trip_code_id`, `code`, `message`, `is_trip`, `is_warning`) VALUES (41, 304, 'Remote Stop Failure', b'1', b'0');
INSERT INTO `trip` (`trip_code_id`, `code`, `message`, `is_trip`, `is_warning`) VALUES (42, 305, 'Remote Start Failure', b'1', b'0');
INSERT INTO `trip` (`trip_code_id`, `code`, `message`, `is_trip`, `is_warning`) VALUES (43, 306, 'Digital Input 6 Fault', b'0', b'0');
INSERT INTO `trip` (`trip_code_id`, `code`, `message`, `is_trip`, `is_warning`) VALUES (44, 307, 'Digital Input 7 Fault', b'0', b'0');
INSERT INTO `trip` (`trip_code_id`, `code`, `message`, `is_trip`, `is_warning`) VALUES (45, 308, 'Digital Input 8 Fault', b'0', b'0');
INSERT INTO `trip` (`trip_code_id`, `code`, `message`, `is_trip`, `is_warning`) VALUES (46, 309, 'Condensate Drain Error 1', b'0', b'1');
INSERT INTO `trip` (`trip_code_id`, `code`, `message`, `is_trip`, `is_warning`) VALUES (47, 310, 'Condensate Drain Error 2', b'0', b'1');
INSERT INTO `trip` (`trip_code_id`, `code`, `message`, `is_trip`, `is_warning`) VALUES (48, 311, 'Dryer High Pressure', b'0', b'1');
INSERT INTO `trip` (`trip_code_id`, `code`, `message`, `is_trip`, `is_warning`) VALUES (49, 312, 'Dryer Temperature Warning', b'0', b'1');
INSERT INTO `trip` (`trip_code_id`, `code`, `message`, `is_trip`, `is_warning`) VALUES (50, 313, 'Condensate Drain Error 3', b'0', b'1');
INSERT INTO `trip` (`trip_code_id`, `code`, `message`, `is_trip`, `is_warning`) VALUES (51, 314, 'Digital Input 14 Failure', b'0', b'0');
INSERT INTO `trip` (`trip_code_id`, `code`, `message`, `is_trip`, `is_warning`) VALUES (52, 315, 'Auxiliary input 1', b'0', b'1');
INSERT INTO `trip` (`trip_code_id`, `code`, `message`, `is_trip`, `is_warning`) VALUES (53, 316, 'Auxiliary input 2', b'0', b'1');
INSERT INTO `trip` (`trip_code_id`, `code`, `message`, `is_trip`, `is_warning`) VALUES (54, 317, 'Control Power Loss', b'1', b'0');
INSERT INTO `trip` (`trip_code_id`, `code`, `message`, `is_trip`, `is_warning`) VALUES (55, 401, 'Service Required', b'0', b'1');
INSERT INTO `trip` (`trip_code_id`, `code`, `message`, `is_trip`, `is_warning`) VALUES (56, 402, 'Alarm - Service Required', b'0', b'1');
INSERT INTO `trip` (`trip_code_id`, `code`, `message`, `is_trip`, `is_warning`) VALUES (57, 403, '100 Hours to Service', b'0', b'1');
INSERT INTO `trip` (`trip_code_id`, `code`, `message`, `is_trip`, `is_warning`) VALUES (58, 404, 'Load Cycles High Duty', b'0', b'1');
INSERT INTO `trip` (`trip_code_id`, `code`, `message`, `is_trip`, `is_warning`) VALUES (59, 405, 'Load Cycles Severe Duty', b'0', b'1');
INSERT INTO `trip` (`trip_code_id`, `code`, `message`, `is_trip`, `is_warning`) VALUES (60, 501, 'Motor Monitor Communications Failure', b'0', b'1');
INSERT INTO `trip` (`trip_code_id`, `code`, `message`, `is_trip`, `is_warning`) VALUES (61, 901, 'Check Motor Rotation', b'1', b'0');
INSERT INTO `trip` (`trip_code_id`, `code`, `message`, `is_trip`, `is_warning`) VALUES (62, 902, 'Invaild Calibration', b'0', b'1');
INSERT INTO `trip` (`trip_code_id`, `code`, `message`, `is_trip`, `is_warning`) VALUES (63, 903, 'Clean Cooler', b'0', b'1');
INSERT INTO `trip` (`trip_code_id`, `code`, `message`, `is_trip`, `is_warning`) VALUES (64, 904, 'Wait for Blowdown', b'0', b'0');
INSERT INTO `trip` (`trip_code_id`, `code`, `message`, `is_trip`, `is_warning`) VALUES (65, 905, 'Isoltaion Contact Open', b'0', b'0');

