INSERT INTO `day_of_week` (`day_of_week_id`, `idx`, `name`) VALUES (1, 6, '토');
INSERT INTO `day_of_week` (`day_of_week_id`, `idx`, `name`) VALUES (2, 0, '일');
INSERT INTO `day_of_week` (`day_of_week_id`, `idx`, `name`) VALUES (3, 1, '월');
INSERT INTO `day_of_week` (`day_of_week_id`, `idx`, `name`) VALUES (4, 2, '화');
INSERT INTO `day_of_week` (`day_of_week_id`, `idx`, `name`) VALUES (5, 3, '수');
INSERT INTO `day_of_week` (`day_of_week_id`, `idx`, `name`) VALUES (6, 4, '목');
INSERT INTO `day_of_week` (`day_of_week_id`, `idx`, `name`) VALUES (7, 5, '금');
INSERT INTO `day_of_week` (`day_of_week_id`, `idx`, `name`) VALUES (8, 6, '토');
INSERT INTO `week` (`week_id`, `idx`, `name`) VALUES (1, 1, '첫째주');
INSERT INTO `week` (`week_id`, `idx`, `name`) VALUES (2, 2, '둘째주');
INSERT INTO `week` (`week_id`, `idx`, `name`) VALUES (3, 3, '셋째주');
INSERT INTO `week` (`week_id`, `idx`, `name`) VALUES (4, 4, '넷째주');
INSERT INTO `week` (`week_id`, `idx`, `name`) VALUES (5, 5, '다섯째주');
INSERT INTO `week` (`week_id`, `idx`, `name`) VALUES (6, 6, '여섯째주');
INSERT INTO `equipment` (`equipment_id`, `created`, `maker`, `model`, `name`, `type`, `updated`, `description`) VALUES (1, '2021-05-20 09:31:14.000000', NULL, 'EPIC-M2500', 'EPIC-M2500', '0', '2021-05-20 09:31:14.000000', '에어 컴프레셔');
INSERT INTO `equipment` (`equipment_id`, `created`, `maker`, `model`, `name`, `type`, `updated`, `description`) VALUES (3, '2020-11-09 22:44:07.000000', '루텍', 'Accura', 'Accura', '1', '2020-11-09 22:44:07.000000', '전력');
INSERT INTO `equipment` (`equipment_id`, `created`, `maker`, `model`, `name`, `type`, `updated`, `description`) VALUES (4, '2021-04-29 11:21:37.000000', NULL, NULL, '유량계', '3', '2021-04-29 11:21:37.000000', '유량계');
INSERT INTO `equipment` (`equipment_id`, `created`, `maker`, `model`, `name`, `type`, `updated`, `description`) VALUES (6, '2021-05-20 10:13:01.000000', NULL, NULL, '습도 계측기', '5', '2021-05-20 10:13:01.000000', '습도계');
INSERT INTO `equipment` (`equipment_id`, `created`, `maker`, `model`, `name`, `type`, `updated`, `description`) VALUES (7, '2021-05-20 10:11:12.000000', NULL, NULL, '온도 계측기', '4', '2021-05-20 10:12:58.000000', '온도계');
INSERT INTO `equipment` (`equipment_id`, `created`, `maker`, `model`, `name`, `type`, `updated`, `description`) VALUES (8, '2021-07-01 15:46:18.000000', NULL, NULL, '온습도 계측기', '6', '2021-07-01 15:46:18.000000', '온습도계');
INSERT INTO `equipment` (`equipment_id`, `created`, `maker`, `model`, `name`, `type`, `updated`, `description`) VALUES (9, '2022-03-08 13:06:28.000000', '남전사', '남전사', '남전사', '1', '2022-03-08 13:06:29.000000', '전력');
INSERT INTO `equipment` (`equipment_id`, `created`, `maker`, `model`, `name`, `type`, `updated`, `description`) VALUES (10, '2022-04-12 15:59:19.000000', NULL, NULL, NULL, '2', '2022-04-12 15:59:20.000000', '압력계');
INSERT INTO `energy` (`energy_id`, `mj`, `kcal`, `name`, `tco2`, `toe`, `usage`) VALUES (2, 32.7, 7810, '휘발유', 0, 0.781, 1000);
INSERT INTO `energy` (`energy_id`, `mj`, `kcal`, `name`, `tco2`, `toe`, `usage`) VALUES (3, 36.7, 8770, '등유', 0, 0.877, 1000);
INSERT INTO `energy` (`energy_id`, `mj`, `kcal`, `name`, `tco2`, `toe`, `usage`) VALUES (4, 37.8, 9030, '경유', 0, 0.903, 1000);
INSERT INTO `energy` (`energy_id`, `mj`, `kcal`, `name`, `tco2`, `toe`, `usage`) VALUES (5, 39, 9310, 'B-A유', 0, 0.931, 1000);
INSERT INTO `energy` (`energy_id`, `mj`, `kcal`, `name`, `tco2`, `toe`, `usage`) VALUES (6, 40.5, 9670, 'B-B유', 0, 0.967, 1000);
INSERT INTO `energy` (`energy_id`, `mj`, `kcal`, `name`, `tco2`, `toe`, `usage`) VALUES (7, 41.7, 9960, 'B-C유', 0, 0.996, 1000);
INSERT INTO `energy` (`energy_id`, `mj`, `kcal`, `name`, `tco2`, `toe`, `usage`) VALUES (8, 50.4, 12040, '프로판', 0, 1.204, 1000);
INSERT INTO `energy` (`energy_id`, `mj`, `kcal`, `name`, `tco2`, `toe`, `usage`) VALUES (9, 49.5, 11820, '부탄', 0, 1.182, 1000);
INSERT INTO `energy` (`energy_id`, `mj`, `kcal`, `name`, `tco2`, `toe`, `usage`) VALUES (10, 32.3, 7710, '나프타', 0, 0.771, 1000);
INSERT INTO `energy` (`energy_id`, `mj`, `kcal`, `name`, `tco2`, `toe`, `usage`) VALUES (11, 32.8, 7830, '용제', 0, 0.783, 1000);
INSERT INTO `energy` (`energy_id`, `mj`, `kcal`, `name`, `tco2`, `toe`, `usage`) VALUES (12, 36.5, 8720, '항공유', 0, 0.872, 1000);
INSERT INTO `energy` (`energy_id`, `mj`, `kcal`, `name`, `tco2`, `toe`, `usage`) VALUES (13, 41.4, 9890, '아스팔트', 0, 0.989, 1000);
INSERT INTO `energy` (`energy_id`, `mj`, `kcal`, `name`, `tco2`, `toe`, `usage`) VALUES (14, 40, 9550, '윤활유', 0, 0.955, 1000);
INSERT INTO `energy` (`energy_id`, `mj`, `kcal`, `name`, `tco2`, `toe`, `usage`) VALUES (15, 35, 8360, '석유코크스', 0, 0.836, 1000);
INSERT INTO `energy` (`energy_id`, `mj`, `kcal`, `name`, `tco2`, `toe`, `usage`) VALUES (16, 39.9, 9530, '부생연료유2호', 0, 0.953, 1000);
INSERT INTO `energy` (`energy_id`, `mj`, `kcal`, `name`, `tco2`, `toe`, `usage`) VALUES (17, 54.7, 13060, '천연가스(LNG)', 0, 1.306, 1000);
INSERT INTO `energy` (`energy_id`, `mj`, `kcal`, `name`, `tco2`, `toe`, `usage`) VALUES (18, 38.9, 15.272, '도시가스(LNG)', 0.4594, 1.029, 1000);
INSERT INTO `energy` (`energy_id`, `mj`, `kcal`, `name`, `tco2`, `toe`, `usage`) VALUES (19, 63.6, 15190, '도시가스(LPG)', 0, 1.519, 1000);
INSERT INTO `energy` (`energy_id`, `mj`, `kcal`, `name`, `tco2`, `toe`, `usage`) VALUES (20, 19.8, 4730, '국내무연탄', 0, 0.473, 1000);
INSERT INTO `energy` (`energy_id`, `mj`, `kcal`, `name`, `tco2`, `toe`, `usage`) VALUES (21, 21.2, 5060, '연료용 수입무연탄', 0, 0.506, 1000);
INSERT INTO `energy` (`energy_id`, `mj`, `kcal`, `name`, `tco2`, `toe`, `usage`) VALUES (22, 25.2, 6020, '원료용 수입무연탄', 0, 0.602, 1000);
INSERT INTO `energy` (`energy_id`, `mj`, `kcal`, `name`, `tco2`, `toe`, `usage`) VALUES (23, 24.8, 5920, '연료용 유연탄', 0, 0.592, 1000);
INSERT INTO `energy` (`energy_id`, `mj`, `kcal`, `name`, `tco2`, `toe`, `usage`) VALUES (24, 29.2, 6970, '원료용 유연탄', 0, 0.697, 1000);
INSERT INTO `energy` (`energy_id`, `mj`, `kcal`, `name`, `tco2`, `toe`, `usage`) VALUES (25, 21.4, 5110, '아역청탄', 0, 0.511, 1000);
INSERT INTO `energy` (`energy_id`, `mj`, `kcal`, `name`, `tco2`, `toe`, `usage`) VALUES (26, 29, 6930, '코크스', 0, 0.693, 1000);
INSERT INTO `energy` (`energy_id`, `mj`, `kcal`, `name`, `tco2`, `toe`, `usage`) VALUES (27, 8.9, 2130, '전력(발전기준)', 0, 0.213, 1000);
INSERT INTO `energy` (`energy_id`, `mj`, `kcal`, `name`, `tco2`, `toe`, `usage`) VALUES (28, 9.6, 2290, '전력(소비기준)', 0.21782962, 0.229, 1000);
INSERT INTO `energy` (`energy_id`, `mj`, `kcal`, `name`, `tco2`, `toe`, `usage`) VALUES (29, 18.8, 4500, '신탄', 0, 0.45, 1000);
INSERT INTO `energy` (`energy_id`, `mj`, `kcal`, `name`, `tco2`, `toe`, `usage`) VALUES (30, 0, 0, '수도', 0, 0, 1000);

INSERT INTO `groups` (gruops_id, level, name, purpose, type, gruops_parent_id, schedule_id) VALUES (1, 1, 'group #1', null, 'group', null, 1);
INSERT INTO `groups` (gruops_id, level, name, purpose, type, gruops_parent_id, schedule_id) VALUES (4, 1, 'group #2', null, 'group', null, 5);
INSERT INTO `groups` (gruops_id, level, name, purpose, type, gruops_parent_id, schedule_id) VALUES (7, 1, 'group #3', null, 'group', null, 8);
INSERT INTO `groups` (gruops_id, level, name, purpose, type, gruops_parent_id, schedule_id) VALUES (2, 2, 'air #1', null, 'compressor', 1, 3);
INSERT INTO `groups` (gruops_id, level, name, purpose, type, gruops_parent_id, schedule_id) VALUES (3, 2, 'air #2', null, 'compressor', 1, 4);
INSERT INTO `groups` (gruops_id, level, name, purpose, type, gruops_parent_id, schedule_id) VALUES (5, 2, 'air #3', null, 'compressor', 1, 6);
INSERT INTO `groups` (gruops_id, level, name, purpose, type, gruops_parent_id, schedule_id) VALUES (6, 2, 'air #4', null, 'compressor', 1, 7);
INSERT INTO `groups` (gruops_id, level, name, purpose, type, gruops_parent_id, schedule_id) VALUES (13, 2, 'test', null, 'compressor', 1, 14);
INSERT INTO `groups` (gruops_id, level, name, purpose, type, gruops_parent_id, schedule_id) VALUES (8, 2, 'spare air #1', null, 'compressor', 4, 9);
INSERT INTO `groups` (gruops_id, level, name, purpose, type, gruops_parent_id, schedule_id) VALUES (9, 2, 'spare air #2', null, 'compressor', 7, 10);
INSERT INTO `groups` (gruops_id, level, name, purpose, type, gruops_parent_id, schedule_id) VALUES (10, 2, 'spare air #3', null, 'compressor', 7, 11);
INSERT INTO `groups` (gruops_id, level, name, purpose, type, gruops_parent_id, schedule_id) VALUES (12, 2, 'test', null, 'compressor', 7, 13);

INSERT INTO device (device_id, serial_num, created, ct, importance, install_dtm, name, pt, remark, updated, voltage, energy_id, energy_purpose_id, equipment_id, groups_id) VALUES (1, null, null, null, null, null, 'air #1', null, null, null, null, null, null, 1, 2);
INSERT INTO device (device_id, serial_num, created, ct, importance, install_dtm, name, pt, remark, updated, voltage, energy_id, energy_purpose_id, equipment_id, groups_id) VALUES (2, null, null, null, null, null, 'air #2', null, null, null, null, null, null, 1, 3);
INSERT INTO device (device_id, serial_num, created, ct, importance, install_dtm, name, pt, remark, updated, voltage, energy_id, energy_purpose_id, equipment_id, groups_id) VALUES (3, null, null, null, null, null, 'air #3', null, null, null, null, null, null, 1, 5);
INSERT INTO device (device_id, serial_num, created, ct, importance, install_dtm, name, pt, remark, updated, voltage, energy_id, energy_purpose_id, equipment_id, groups_id) VALUES (4, null, null, null, null, null, '전력 #1', null, null, null, null, null, null, 3, 2);
INSERT INTO device (device_id, serial_num, created, ct, importance, install_dtm, name, pt, remark, updated, voltage, energy_id, energy_purpose_id, equipment_id, groups_id) VALUES (5, null, null, null, null, null, 'air #4', null, null, null, null, null, null, 1, 6);
INSERT INTO device (device_id, serial_num, created, ct, importance, install_dtm, name, pt, remark, updated, voltage, energy_id, energy_purpose_id, equipment_id, groups_id) VALUES (6, null, null, null, null, null, '압력계 #1', null, null, null, null, null, null, 10, 4);
INSERT INTO device (device_id, serial_num, created, ct, importance, install_dtm, name, pt, remark, updated, voltage, energy_id, energy_purpose_id, equipment_id, groups_id) VALUES (7, null, null, 23, null, null, '전력 #2', 23, null, null, 'HIGH', null, null, 9, 3);
INSERT INTO device (device_id, serial_num, created, ct, importance, install_dtm, name, pt, remark, updated, voltage, energy_id, energy_purpose_id, equipment_id, groups_id) VALUES (8, null, null, null, null, null, '전력 #3', null, null, null, null, null, null, 3, null);
INSERT INTO device (device_id, serial_num, created, ct, importance, install_dtm, name, pt, remark, updated, voltage, energy_id, energy_purpose_id, equipment_id, groups_id) VALUES (9, null, null, null, null, null, '전력 #4', null, null, null, null, null, null, 3, null);
INSERT INTO device (device_id, serial_num, created, ct, importance, install_dtm, name, pt, remark, updated, voltage, energy_id, energy_purpose_id, equipment_id, groups_id) VALUES (10, null, null, null, null, null, '온도계 #1', null, null, null, null, null, null, 7, 7);
INSERT INTO device (device_id, serial_num, created, ct, importance, install_dtm, name, pt, remark, updated, voltage, energy_id, energy_purpose_id, equipment_id, groups_id) VALUES (11, null, null, null, null, null, '온도계 #2', null, null, null, null, null, null, 7, 4);
INSERT INTO device (device_id, serial_num, created, ct, importance, install_dtm, name, pt, remark, updated, voltage, energy_id, energy_purpose_id, equipment_id, groups_id) VALUES (12, null, null, null, null, null, '온도계 #3', null, null, null, null, null, null, 7, 1);
INSERT INTO device (device_id, serial_num, created, ct, importance, install_dtm, name, pt, remark, updated, voltage, energy_id, energy_purpose_id, equipment_id, groups_id) VALUES (13, null, null, null, null, null, '압력계 #1', null, null, null, null, null, null, 10, 4);
INSERT INTO device (device_id, serial_num, created, ct, importance, install_dtm, name, pt, remark, updated, voltage, energy_id, energy_purpose_id, equipment_id, groups_id) VALUES (14, null, null, null, null, null, '압력계 #2', null, null, null, null, null, null, 10, 7);
INSERT INTO device (device_id, serial_num, created, ct, importance, install_dtm, name, pt, remark, updated, voltage, energy_id, energy_purpose_id, equipment_id, groups_id) VALUES (15, null, null, null, null, null, '압력계 #3', null, null, null, null, null, null, 10, 1);
INSERT INTO device (device_id, serial_num, created, ct, importance, install_dtm, name, pt, remark, updated, voltage, energy_id, energy_purpose_id, equipment_id, groups_id) VALUES (16, null, null, null, null, null, '유량계 #1', null, null, null, null, null, null, 4, 1);
INSERT INTO device (device_id, serial_num, created, ct, importance, install_dtm, name, pt, remark, updated, voltage, energy_id, energy_purpose_id, equipment_id, groups_id) VALUES (17, null, null, null, null, null, '유량계 #2', null, null, null, null, null, null, 4, 4);
INSERT INTO device (device_id, serial_num, created, ct, importance, install_dtm, name, pt, remark, updated, voltage, energy_id, energy_purpose_id, equipment_id, groups_id) VALUES (18, null, null, null, null, null, '유량계 #3', null, null, null, null, null, null, 4, 7);
INSERT INTO device (device_id, serial_num, created, ct, importance, install_dtm, name, pt, remark, updated, voltage, energy_id, energy_purpose_id, equipment_id, groups_id) VALUES (19, null, null, null, null, null, 'spare air #1', null, null, null, null, null, null, 1, 8);
INSERT INTO device (device_id, serial_num, created, ct, importance, install_dtm, name, pt, remark, updated, voltage, energy_id, energy_purpose_id, equipment_id, groups_id) VALUES (20, null, null, null, null, null, 'spare air #2', null, null, null, null, null, null, 1, 9);
INSERT INTO device (device_id, serial_num, created, ct, importance, install_dtm, name, pt, remark, updated, voltage, energy_id, energy_purpose_id, equipment_id, groups_id) VALUES (21, null, null, null, null, null, 'spare air #3', null, null, null, null, null, null, 1, 10);
INSERT INTO device (device_id, serial_num, created, ct, importance, install_dtm, name, pt, remark, updated, voltage, energy_id, energy_purpose_id, equipment_id, groups_id) VALUES (22, null, null, null, null, null, '234', null, null, null, null, null, null, 10, null);
INSERT INTO device (device_id, serial_num, created, ct, importance, install_dtm, name, pt, remark, updated, voltage, energy_id, energy_purpose_id, equipment_id, groups_id) VALUES (23, null, null, null, null, null, 'test', null, null, null, null, null, null, 3, null);
INSERT INTO device (device_id, serial_num, created, ct, importance, install_dtm, name, pt, remark, updated, voltage, energy_id, energy_purpose_id, equipment_id, groups_id) VALUES (27, null, null, null, null, null, 'test', null, null, null, null, null, null, 1, 12);
INSERT INTO device (device_id, serial_num, created, ct, importance, install_dtm, name, pt, remark, updated, voltage, energy_id, energy_purpose_id, equipment_id, groups_id) VALUES (28, null, null, null, null, null, 'test', null, null, null, null, null, null, 1, 13);
INSERT INTO schedule (schedule_id, `interval`, is_active, is_group, max, min, start_time, stop_time, type, updated) VALUES (1, 30, true, true, 7.5, 7, '09:00:00', '18:00:00', 'interval', '2022-04-15 15:55:47');
INSERT INTO schedule (schedule_id, `interval`, is_active, is_group, max, min, start_time, stop_time, type, updated) VALUES (2, 30, true, false, 23, 12, '00:00:00', '00:00:00', 'interval', '2022-04-14 16:53:53');
INSERT INTO schedule (schedule_id, `interval`, is_active, is_group, max, min, start_time, stop_time, type, updated) VALUES (3, 30, true, false, 23, 12, '00:00:00', '00:00:00', 'interval', '2022-04-15 11:42:37');
INSERT INTO schedule (schedule_id, `interval`, is_active, is_group, max, min, start_time, stop_time, type, updated) VALUES (4, 30, true, false, 24, 12, '00:00:00', '00:00:00', 'interval', '2022-04-14 16:54:23');
INSERT INTO schedule (schedule_id, `interval`, is_active, is_group, max, min, start_time, stop_time, type, updated) VALUES (5, 30, true, true, 24, 12, '00:00:00', '00:00:00', 'interval', '2022-04-15 13:12:39');
INSERT INTO schedule (schedule_id, `interval`, is_active, is_group, max, min, start_time, stop_time, type, updated) VALUES (6, 30, true, false, 43, 12, '00:00:00', '00:00:00', 'interval', '2022-04-14 16:58:27');
INSERT INTO schedule (schedule_id, `interval`, is_active, is_group, max, min, start_time, stop_time, type, updated) VALUES (7, 30, true, false, 23, 12, '00:00:00', '00:00:00', 'interval', '2022-04-15 17:54:53');
INSERT INTO schedule (schedule_id, `interval`, is_active, is_group, max, min, start_time, stop_time, type, updated) VALUES (8, 30, true, true, 43, 12, '00:00:00', '00:00:00', 'interval', '2022-04-15 13:11:58');
INSERT INTO schedule (schedule_id, `interval`, is_active, is_group, max, min, start_time, stop_time, type, updated) VALUES (9, 30, true, false, 33, 12, '00:00:00', '00:00:00', 'interval', '2022-04-15 17:55:04');
INSERT INTO schedule (schedule_id, `interval`, is_active, is_group, max, min, start_time, stop_time, type, updated) VALUES (10, 30, false, false, 354, 23, '00:00:00', '00:00:00', 'interval', '2022-04-14 17:01:56');
INSERT INTO schedule (schedule_id, `interval`, is_active, is_group, max, min, start_time, stop_time, type, updated) VALUES (11, 30, false, false, 23, 21, '00:00:00', '00:00:00', 'interval', '2022-04-14 17:02:02');
INSERT INTO schedule (schedule_id, `interval`, is_active, is_group, max, min, start_time, stop_time, type, updated) VALUES (13, 30, false, false, 1.25, 1.2, '09:00:00', '18:00:00', 'interval', '2022-04-15 15:54:30');
INSERT INTO schedule (schedule_id, `interval`, is_active, is_group, max, min, start_time, stop_time, type, updated) VALUES (14, 30, true, false, 1.25, 1.2, '00:00:00', '00:00:00', 'interval', '2022-04-15 17:54:42');

INSERT INTO tag (tag_id, is_alarm, is_trend, is_usage, logging_time, nickname, show_able, tag_description, tagname, type, unit, unit_conversion, device_id) VALUES (1, false, true, false, 300, 'rpm', true, '가동률', '001_RPM', 'RPM', '%', null, 1);
INSERT INTO tag (tag_id, is_alarm, is_trend, is_usage, logging_time, nickname, show_able, tag_description, tagname, type, unit, unit_conversion, device_id) VALUES (2, false, true, false, 300, 'power', true, '파워', '001_POWER', 'POWER', '', null, 1);
INSERT INTO tag (tag_id, is_alarm, is_trend, is_usage, logging_time, nickname, show_able, tag_description, tagname, type, unit, unit_conversion, device_id) VALUES (3, false, true, false, 300, 'state', true, '상태', '001_STATE', 'STATE', null, null, 1);
INSERT INTO tag (tag_id, is_alarm, is_trend, is_usage, logging_time, nickname, show_able, tag_description, tagname, type, unit, unit_conversion, device_id) VALUES (4, false, true, false, 300, 'pressour', true, '압력', '001_BAR', 'BAR', null, null, 1);
INSERT INTO tag (tag_id, is_alarm, is_trend, is_usage, logging_time, nickname, show_able, tag_description, tagname, type, unit, unit_conversion, device_id) VALUES (5, false, true, false, 300, 'air-temp', true, '에어 온도', '001_AIR_TEMP', 'AIR_TEMP', null, null, 1);
INSERT INTO tag (tag_id, is_alarm, is_trend, is_usage, logging_time, nickname, show_able, tag_description, tagname, type, unit, unit_conversion, device_id) VALUES (6, false, true, false, 300, 'power', true, '파워', '002_POWER', 'POWER', '', null, 2);
INSERT INTO tag (tag_id, is_alarm, is_trend, is_usage, logging_time, nickname, show_able, tag_description, tagname, type, unit, unit_conversion, device_id) VALUES (7, false, true, false, 300, 'air-temp', true, '에어 온도', '002_AIR_TEMP', 'AIR_TEMP', null, null, 2);
INSERT INTO tag (tag_id, is_alarm, is_trend, is_usage, logging_time, nickname, show_able, tag_description, tagname, type, unit, unit_conversion, device_id) VALUES (8, false, true, false, 300, 'pressour', true, '압력', '002_BAR', 'BAR', null, null, 2);
INSERT INTO tag (tag_id, is_alarm, is_trend, is_usage, logging_time, nickname, show_able, tag_description, tagname, type, unit, unit_conversion, device_id) VALUES (9, false, true, false, 300, 'state', true, '상태', '002_STATE', 'STATE', null, null, 2);
INSERT INTO tag (tag_id, is_alarm, is_trend, is_usage, logging_time, nickname, show_able, tag_description, tagname, type, unit, unit_conversion, device_id) VALUES (10, false, true, false, 300, 'rpm', true, '가동률', '002_RPM', 'RPM', '%', null, 2);
INSERT INTO tag (tag_id, is_alarm, is_trend, is_usage, logging_time, nickname, show_able, tag_description, tagname, type, unit, unit_conversion, device_id) VALUES (11, false, true, false, 300, 'air-temp', true, '에어 온도', '003_AIR_TEMP', 'AIR_TEMP', null, null, 3);
INSERT INTO tag (tag_id, is_alarm, is_trend, is_usage, logging_time, nickname, show_able, tag_description, tagname, type, unit, unit_conversion, device_id) VALUES (12, false, true, false, 300, 'rpm', true, '가동률', '003_RPM', 'RPM', '%', null, 3);
INSERT INTO tag (tag_id, is_alarm, is_trend, is_usage, logging_time, nickname, show_able, tag_description, tagname, type, unit, unit_conversion, device_id) VALUES (13, false, true, false, 300, 'pressour', true, '압력', '003_BAR', 'BAR', null, null, 3);
INSERT INTO tag (tag_id, is_alarm, is_trend, is_usage, logging_time, nickname, show_able, tag_description, tagname, type, unit, unit_conversion, device_id) VALUES (14, false, true, false, 300, 'state', true, '상태', '003_STATE', 'STATE', null, null, 3);
INSERT INTO tag (tag_id, is_alarm, is_trend, is_usage, logging_time, nickname, show_able, tag_description, tagname, type, unit, unit_conversion, device_id) VALUES (15, false, true, false, 300, 'power', true, '파워', '003_POWER', 'POWER', '', null, 3);
INSERT INTO tag (tag_id, is_alarm, is_trend, is_usage, logging_time, nickname, show_able, tag_description, tagname, type, unit, unit_conversion, device_id) VALUES (16, false, false, true, 300, 'ACTIVE_POWER', true, '유효 전력', 'U007_PWR_KWh', 'KWH', 'kWh', null, 4);
INSERT INTO tag (tag_id, is_alarm, is_trend, is_usage, logging_time, nickname, show_able, tag_description, tagname, type, unit, unit_conversion, device_id) VALUES (17, false, true, false, 300, 'rpm', true, '가동률', '005_RPM', 'RPM', '%', null, 5);
INSERT INTO tag (tag_id, is_alarm, is_trend, is_usage, logging_time, nickname, show_able, tag_description, tagname, type, unit, unit_conversion, device_id) VALUES (18, false, true, false, 300, 'state', true, '상태', '005_STATE', 'STATE', null, null, 5);
INSERT INTO tag (tag_id, is_alarm, is_trend, is_usage, logging_time, nickname, show_able, tag_description, tagname, type, unit, unit_conversion, device_id) VALUES (19, false, true, false, 300, 'power', true, '파워', '005_POWER', 'POWER', '', null, 5);
INSERT INTO tag (tag_id, is_alarm, is_trend, is_usage, logging_time, nickname, show_able, tag_description, tagname, type, unit, unit_conversion, device_id) VALUES (20, false, true, false, 300, 'air-temp', true, '에어 온도', '005_AIR_TEMP', 'AIR_TEMP', null, null, 5);
INSERT INTO tag (tag_id, is_alarm, is_trend, is_usage, logging_time, nickname, show_able, tag_description, tagname, type, unit, unit_conversion, device_id) VALUES (21, false, true, false, 300, 'pressour', true, '압력', '005_BAR', 'BAR', null, null, 5);
INSERT INTO tag (tag_id, is_alarm, is_trend, is_usage, logging_time, nickname, show_able, tag_description, tagname, type, unit, unit_conversion, device_id) VALUES (22, false, false, true, 300, 'ACTIVE_POWER', true, '유효 전력', 'U008_PWR_KWh', 'KWH', 'kWh', null, 7);
INSERT INTO tag (tag_id, is_alarm, is_trend, is_usage, logging_time, nickname, show_able, tag_description, tagname, type, unit, unit_conversion, device_id) VALUES (23, false, false, true, 300, 'ACTIVE_POWER', true, '유효 전력', 'U009_PWR_KWh', 'KWH', 'kWh', null, 8);
INSERT INTO tag (tag_id, is_alarm, is_trend, is_usage, logging_time, nickname, show_able, tag_description, tagname, type, unit, unit_conversion, device_id) VALUES (24, false, false, true, 300, 'ACTIVE_POWER', true, '유효 전력', 'U010_PWR_KWh', 'KWH', 'kWh', null, 9);
INSERT INTO tag (tag_id, is_alarm, is_trend, is_usage, logging_time, nickname, show_able, tag_description, tagname, type, unit, unit_conversion, device_id) VALUES (25, false, true, false, 300, 'temperature', true, '온도', '010_temp', 'TEMP', 'C', null, 10);
INSERT INTO tag (tag_id, is_alarm, is_trend, is_usage, logging_time, nickname, show_able, tag_description, tagname, type, unit, unit_conversion, device_id) VALUES (26, false, true, false, 300, 'temperature', true, '온도', '011_temp', 'TEMP', 'C', null, 11);
INSERT INTO tag (tag_id, is_alarm, is_trend, is_usage, logging_time, nickname, show_able, tag_description, tagname, type, unit, unit_conversion, device_id) VALUES (27, false, true, false, 300, 'temperature', true, '온도', '012_temp', 'TEMP', 'C', null, 12);
INSERT INTO tag (tag_id, is_alarm, is_trend, is_usage, logging_time, nickname, show_able, tag_description, tagname, type, unit, unit_conversion, device_id) VALUES (28, false, false, true, 300, 'flow', true, '유량', 'U007_PWR_Kvarh', 'FLOW', 'm3', null, 16);
INSERT INTO tag (tag_id, is_alarm, is_trend, is_usage, logging_time, nickname, show_able, tag_description, tagname, type, unit, unit_conversion, device_id) VALUES (29, false, false, true, 300, 'flow', true, '유량', 'U008_PWR_Kvarh', 'FLOW', 'm3', null, 17);
INSERT INTO tag (tag_id, is_alarm, is_trend, is_usage, logging_time, nickname, show_able, tag_description, tagname, type, unit, unit_conversion, device_id) VALUES (30, false, false, true, 300, 'flow', true, '유량', 'U009_PWR_Kvarh', 'FLOW', 'm3', null, 18);
INSERT INTO tag (tag_id, is_alarm, is_trend, is_usage, logging_time, nickname, show_able, tag_description, tagname, type, unit, unit_conversion, device_id) VALUES (31, false, true, false, 300, 'state', true, '상태', '019_STATE', 'STATE', null, null, 19);
INSERT INTO tag (tag_id, is_alarm, is_trend, is_usage, logging_time, nickname, show_able, tag_description, tagname, type, unit, unit_conversion, device_id) VALUES (32, false, true, false, 300, 'pressour', true, '압력', '019_BAR', 'BAR', null, null, 19);
INSERT INTO tag (tag_id, is_alarm, is_trend, is_usage, logging_time, nickname, show_able, tag_description, tagname, type, unit, unit_conversion, device_id) VALUES (33, false, true, false, 300, 'rpm', true, '가동률', '019_RPM', 'RPM', '%', null, 19);
INSERT INTO tag (tag_id, is_alarm, is_trend, is_usage, logging_time, nickname, show_able, tag_description, tagname, type, unit, unit_conversion, device_id) VALUES (34, false, true, false, 300, 'power', true, '파워', '019_POWER', 'POWER', '', null, 19);
INSERT INTO tag (tag_id, is_alarm, is_trend, is_usage, logging_time, nickname, show_able, tag_description, tagname, type, unit, unit_conversion, device_id) VALUES (35, false, true, false, 300, 'air-temp', true, '에어 온도', '019_AIR_TEMP', 'AIR_TEMP', null, null, 19);
INSERT INTO tag (tag_id, is_alarm, is_trend, is_usage, logging_time, nickname, show_able, tag_description, tagname, type, unit, unit_conversion, device_id) VALUES (36, false, true, false, 300, 'air-temp', true, '에어 온도', '020_AIR_TEMP', 'AIR_TEMP', null, null, 20);
INSERT INTO tag (tag_id, is_alarm, is_trend, is_usage, logging_time, nickname, show_able, tag_description, tagname, type, unit, unit_conversion, device_id) VALUES (37, false, true, false, 300, 'state', true, '상태', '020_STATE', 'STATE', null, null, 20);
INSERT INTO tag (tag_id, is_alarm, is_trend, is_usage, logging_time, nickname, show_able, tag_description, tagname, type, unit, unit_conversion, device_id) VALUES (38, false, true, false, 300, 'pressour', true, '압력', '020_BAR', 'BAR', null, null, 20);
INSERT INTO tag (tag_id, is_alarm, is_trend, is_usage, logging_time, nickname, show_able, tag_description, tagname, type, unit, unit_conversion, device_id) VALUES (39, false, true, false, 300, 'rpm', true, '가동률', '020_RPM', 'RPM', '%', null, 20);
INSERT INTO tag (tag_id, is_alarm, is_trend, is_usage, logging_time, nickname, show_able, tag_description, tagname, type, unit, unit_conversion, device_id) VALUES (40, false, true, false, 300, 'power', true, '파워', '020_POWER', 'POWER', '', null, 20);
INSERT INTO tag (tag_id, is_alarm, is_trend, is_usage, logging_time, nickname, show_able, tag_description, tagname, type, unit, unit_conversion, device_id) VALUES (41, false, true, false, 300, 'rpm', true, '가동률', '021_RPM', 'RPM', '%', null, 21);
INSERT INTO tag (tag_id, is_alarm, is_trend, is_usage, logging_time, nickname, show_able, tag_description, tagname, type, unit, unit_conversion, device_id) VALUES (42, false, true, false, 300, 'air-temp', true, '에어 온도', '021_AIR_TEMP', 'AIR_TEMP', null, null, 21);
INSERT INTO tag (tag_id, is_alarm, is_trend, is_usage, logging_time, nickname, show_able, tag_description, tagname, type, unit, unit_conversion, device_id) VALUES (43, false, true, false, 300, 'state', true, '상태', '021_STATE', 'STATE', null, null, 21);
INSERT INTO tag (tag_id, is_alarm, is_trend, is_usage, logging_time, nickname, show_able, tag_description, tagname, type, unit, unit_conversion, device_id) VALUES (44, false, true, false, 300, 'power', true, '파워', '021_POWER', 'POWER', '', null, 21);
INSERT INTO tag (tag_id, is_alarm, is_trend, is_usage, logging_time, nickname, show_able, tag_description, tagname, type, unit, unit_conversion, device_id) VALUES (45, false, true, false, 300, 'pressour', true, '압력', '021_BAR', 'BAR', null, null, 21);
INSERT INTO tag (tag_id, is_alarm, is_trend, is_usage, logging_time, nickname, show_able, tag_description, tagname, type, unit, unit_conversion, device_id) VALUES (48, false, true, false, 300, 'EEE', true, '역률', 'U007_PWR_PF', 'PF', '%', null, 4);
INSERT INTO tag (tag_id, is_alarm, is_trend, is_usage, logging_time, nickname, show_able, tag_description, tagname, type, unit, unit_conversion, device_id) VALUES (49, false, true, false, 300, 'EEE', true, '역률', 'U008_PWR_PF', 'PF', '%', null, 7);
INSERT INTO tag (tag_id, is_alarm, is_trend, is_usage, logging_time, nickname, show_able, tag_description, tagname, type, unit, unit_conversion, device_id) VALUES (50, false, true, false, 300, 'EEE', true, '역률', 'U009_PWR_PF', 'PF', '%', null, 8);
INSERT INTO tag (tag_id, is_alarm, is_trend, is_usage, logging_time, nickname, show_able, tag_description, tagname, type, unit, unit_conversion, device_id) VALUES (51, false, true, false, 300, 'EEE', true, '역률', 'U010_PWR_PF', 'PF', '%', null, 9);
INSERT INTO tag (tag_id, is_alarm, is_trend, is_usage, logging_time, nickname, show_able, tag_description, tagname, type, unit, unit_conversion, device_id) VALUES (52, false, false, true, 300, 'ACTIVE_POWER', true, '유효 전력', '023_KWH', 'KWH', 'kWh', null, 23);
INSERT INTO tag (tag_id, is_alarm, is_trend, is_usage, logging_time, nickname, show_able, tag_description, tagname, type, unit, unit_conversion, device_id) VALUES (56, false, true, false, 300, 'power', true, '파워', '027_POWER', 'POWER', '', null, 27);
INSERT INTO tag (tag_id, is_alarm, is_trend, is_usage, logging_time, nickname, show_able, tag_description, tagname, type, unit, unit_conversion, device_id) VALUES (57, false, true, false, 300, 'rpm', true, '가동률', '027_RPM', 'RPM', '%', null, 27);
INSERT INTO tag (tag_id, is_alarm, is_trend, is_usage, logging_time, nickname, show_able, tag_description, tagname, type, unit, unit_conversion, device_id) VALUES (58, false, true, false, 300, 'air-temp', true, '에어 온도', '027_AIR_TEMP', 'AIR_TEMP', null, null, 27);
INSERT INTO tag (tag_id, is_alarm, is_trend, is_usage, logging_time, nickname, show_able, tag_description, tagname, type, unit, unit_conversion, device_id) VALUES (59, false, true, false, 300, 'state', true, '상태', '027_STATE', 'STATE', null, null, 27);
INSERT INTO tag (tag_id, is_alarm, is_trend, is_usage, logging_time, nickname, show_able, tag_description, tagname, type, unit, unit_conversion, device_id) VALUES (60, false, true, false, 300, 'pressour', true, '압력', '027_BAR', 'BAR', null, null, 27);
INSERT INTO tag (tag_id, is_alarm, is_trend, is_usage, logging_time, nickname, show_able, tag_description, tagname, type, unit, unit_conversion, device_id) VALUES (61, false, true, false, 300, 'rpm', true, '가동률', '028_RPM', 'RPM', '%', null, 28);
INSERT INTO tag (tag_id, is_alarm, is_trend, is_usage, logging_time, nickname, show_able, tag_description, tagname, type, unit, unit_conversion, device_id) VALUES (62, false, true, false, 300, 'power', true, '파워', '028_POWER', 'POWER', '', null, 28);
INSERT INTO tag (tag_id, is_alarm, is_trend, is_usage, logging_time, nickname, show_able, tag_description, tagname, type, unit, unit_conversion, device_id) VALUES (63, false, true, false, 300, 'pressour', true, '압력', '028_BAR', 'BAR', null, null, 28);
INSERT INTO tag (tag_id, is_alarm, is_trend, is_usage, logging_time, nickname, show_able, tag_description, tagname, type, unit, unit_conversion, device_id) VALUES (64, false, true, false, 300, 'state', true, '상태', '028_STATE', 'STATE', null, null, 28);
INSERT INTO tag (tag_id, is_alarm, is_trend, is_usage, logging_time, nickname, show_able, tag_description, tagname, type, unit, unit_conversion, device_id) VALUES (65, false, true, false, 300, 'air-temp', true, '에어 온도', '028_AIR_TEMP', 'AIR_TEMP', null, null, 28);

INSERT INTO week_mapper (week_mapper_id, schedule_id, week_id) VALUES (1, 1, 4);
INSERT INTO week_mapper (week_mapper_id, schedule_id, week_id) VALUES (2, 1, 1);
INSERT INTO week_mapper (week_mapper_id, schedule_id, week_id) VALUES (3, 1, 2);
INSERT INTO week_mapper (week_mapper_id, schedule_id, week_id) VALUES (4, 1, 3);
INSERT INTO week_mapper (week_mapper_id, schedule_id, week_id) VALUES (5, 2, 4);
INSERT INTO week_mapper (week_mapper_id, schedule_id, week_id) VALUES (6, 2, 5);
INSERT INTO week_mapper (week_mapper_id, schedule_id, week_id) VALUES (7, 2, 3);
INSERT INTO week_mapper (week_mapper_id, schedule_id, week_id) VALUES (8, 2, 1);
INSERT INTO week_mapper (week_mapper_id, schedule_id, week_id) VALUES (9, 2, 2);
INSERT INTO week_mapper (week_mapper_id, schedule_id, week_id) VALUES (15, 4, 4);
INSERT INTO week_mapper (week_mapper_id, schedule_id, week_id) VALUES (16, 4, 1);
INSERT INTO week_mapper (week_mapper_id, schedule_id, week_id) VALUES (17, 4, 3);
INSERT INTO week_mapper (week_mapper_id, schedule_id, week_id) VALUES (18, 4, 2);
INSERT INTO week_mapper (week_mapper_id, schedule_id, week_id) VALUES (19, 4, 5);
INSERT INTO week_mapper (week_mapper_id, schedule_id, week_id) VALUES (20, 5, 2);
INSERT INTO week_mapper (week_mapper_id, schedule_id, week_id) VALUES (21, 5, 1);
INSERT INTO week_mapper (week_mapper_id, schedule_id, week_id) VALUES (22, 5, 4);
INSERT INTO week_mapper (week_mapper_id, schedule_id, week_id) VALUES (23, 5, 3);
INSERT INTO week_mapper (week_mapper_id, schedule_id, week_id) VALUES (34, 8, 1);
INSERT INTO week_mapper (week_mapper_id, schedule_id, week_id) VALUES (35, 8, 2);
INSERT INTO week_mapper (week_mapper_id, schedule_id, week_id) VALUES (36, 8, 3);
INSERT INTO week_mapper (week_mapper_id, schedule_id, week_id) VALUES (37, 8, 4);
INSERT INTO week_mapper (week_mapper_id, schedule_id, week_id) VALUES (43, 10, 1);
INSERT INTO week_mapper (week_mapper_id, schedule_id, week_id) VALUES (44, 10, 3);
INSERT INTO week_mapper (week_mapper_id, schedule_id, week_id) VALUES (45, 10, 2);
INSERT INTO week_mapper (week_mapper_id, schedule_id, week_id) VALUES (46, 10, 5);
INSERT INTO week_mapper (week_mapper_id, schedule_id, week_id) VALUES (47, 10, 4);
INSERT INTO week_mapper (week_mapper_id, schedule_id, week_id) VALUES (48, 11, 5);
INSERT INTO week_mapper (week_mapper_id, schedule_id, week_id) VALUES (49, 11, 3);
INSERT INTO week_mapper (week_mapper_id, schedule_id, week_id) VALUES (50, 11, 4);
INSERT INTO week_mapper (week_mapper_id, schedule_id, week_id) VALUES (51, 11, 2);
INSERT INTO week_mapper (week_mapper_id, schedule_id, week_id) VALUES (52, 11, 1);

INSERT INTO day_of_week_mapper (day_of_week_mapper_id, day_of_week_id, schedule_id) VALUES (3, 2, 2);
INSERT INTO day_of_week_mapper (day_of_week_mapper_id, day_of_week_id, schedule_id) VALUES (4, 3, 2);
INSERT INTO day_of_week_mapper (day_of_week_mapper_id, day_of_week_id, schedule_id) VALUES (5, 6, 2);
INSERT INTO day_of_week_mapper (day_of_week_mapper_id, day_of_week_id, schedule_id) VALUES (9, 2, 4);
INSERT INTO day_of_week_mapper (day_of_week_mapper_id, day_of_week_id, schedule_id) VALUES (10, 4, 4);
INSERT INTO day_of_week_mapper (day_of_week_mapper_id, day_of_week_id, schedule_id) VALUES (18, 6, 6);
INSERT INTO day_of_week_mapper (day_of_week_mapper_id, day_of_week_id, schedule_id) VALUES (19, 7, 6);
INSERT INTO day_of_week_mapper (day_of_week_mapper_id, day_of_week_id, schedule_id) VALUES (58, 2, 3);
INSERT INTO day_of_week_mapper (day_of_week_mapper_id, day_of_week_id, schedule_id) VALUES (105, 2, 8);
INSERT INTO day_of_week_mapper (day_of_week_mapper_id, day_of_week_id, schedule_id) VALUES (108, 6, 5);
INSERT INTO day_of_week_mapper (day_of_week_mapper_id, day_of_week_id, schedule_id) VALUES (109, 3, 5);
INSERT INTO day_of_week_mapper (day_of_week_mapper_id, day_of_week_id, schedule_id) VALUES (110, 7, 5);
INSERT INTO day_of_week_mapper (day_of_week_mapper_id, day_of_week_id, schedule_id) VALUES (128, 4, 13);
INSERT INTO day_of_week_mapper (day_of_week_mapper_id, day_of_week_id, schedule_id) VALUES (129, 1, 13);
INSERT INTO day_of_week_mapper (day_of_week_mapper_id, day_of_week_id, schedule_id) VALUES (130, 5, 13);
INSERT INTO day_of_week_mapper (day_of_week_mapper_id, day_of_week_id, schedule_id) VALUES (131, 3, 13);
INSERT INTO day_of_week_mapper (day_of_week_mapper_id, day_of_week_id, schedule_id) VALUES (132, 2, 13);
INSERT INTO day_of_week_mapper (day_of_week_mapper_id, day_of_week_id, schedule_id) VALUES (138, 3, 1);
INSERT INTO day_of_week_mapper (day_of_week_mapper_id, day_of_week_id, schedule_id) VALUES (139, 5, 1);
INSERT INTO day_of_week_mapper (day_of_week_mapper_id, day_of_week_id, schedule_id) VALUES (140, 4, 1);
INSERT INTO day_of_week_mapper (day_of_week_mapper_id, day_of_week_id, schedule_id) VALUES (141, 7, 1);
INSERT INTO day_of_week_mapper (day_of_week_mapper_id, day_of_week_id, schedule_id) VALUES (142, 6, 1);
INSERT INTO day_of_week_mapper (day_of_week_mapper_id, day_of_week_id, schedule_id) VALUES (146, 7, 14);
INSERT INTO day_of_week_mapper (day_of_week_mapper_id, day_of_week_id, schedule_id) VALUES (147, 3, 14);
INSERT INTO day_of_week_mapper (day_of_week_mapper_id, day_of_week_id, schedule_id) VALUES (148, 6, 14);
INSERT INTO day_of_week_mapper (day_of_week_mapper_id, day_of_week_id, schedule_id) VALUES (149, 6, 7);
INSERT INTO day_of_week_mapper (day_of_week_mapper_id, day_of_week_id, schedule_id) VALUES (150, 7, 7);
INSERT INTO day_of_week_mapper (day_of_week_mapper_id, day_of_week_id, schedule_id) VALUES (151, 4, 7);
INSERT INTO day_of_week_mapper (day_of_week_mapper_id, day_of_week_id, schedule_id) VALUES (152, 7, 9);
INSERT INTO day_of_week_mapper (day_of_week_mapper_id, day_of_week_id, schedule_id) VALUES (153, 6, 9);


INSERT INTO `tag_list` (`tag_id`, `is_alarm`, `is_trend`, `is_usage`, `logging_time`, `nickname`, `show_able`, `tag_description`, `tagname`, `type`, `unit`, `unit_conversion`, `value`, `equipment_id`, `min`, `max`, `test_type`) VALUES (225, b'0', NULL, NULL, NULL, NULL, b'1', '전류', 'U001_PWR_A', 'PWR_A', 'A', NULL, NULL, 3, 7, 15, 'double');
INSERT INTO `tag_list` (`tag_id`, `is_alarm`, `is_trend`, `is_usage`, `logging_time`, `nickname`, `show_able`, `tag_description`, `tagname`, `type`, `unit`, `unit_conversion`, `value`, `equipment_id`, `min`, `max`, `test_type`) VALUES (226, b'0', NULL, NULL, NULL, NULL, b'1', '무효전력량', 'U001_PWR_Kvarh', 'PWR_Kvarh', 'kW', NULL, NULL, 3, 7, 15, 'double');
INSERT INTO `tag_list` (`tag_id`, `is_alarm`, `is_trend`, `is_usage`, `logging_time`, `nickname`, `show_able`, `tag_description`, `tagname`, `type`, `unit`, `unit_conversion`, `value`, `equipment_id`, `min`, `max`, `test_type`) VALUES (227, b'0', NULL, NULL, NULL, NULL, b'1', '유효전력', 'U001_PWR_KW', 'PWR_KW', 'W', NULL, NULL, 3, 7, 15, 'double');
INSERT INTO `tag_list` (`tag_id`, `is_alarm`, `is_trend`, `is_usage`, `logging_time`, `nickname`, `show_able`, `tag_description`, `tagname`, `type`, `unit`, `unit_conversion`, `value`, `equipment_id`, `min`, `max`, `test_type`) VALUES (228, b'0', NULL, NULL, NULL, NULL, b'1', '유효전력량', 'U001_PWR_KWh', 'PWR_KWh', 'kWh', NULL, NULL, 3, 7, 15, 'double');
INSERT INTO `tag_list` (`tag_id`, `is_alarm`, `is_trend`, `is_usage`, `logging_time`, `nickname`, `show_able`, `tag_description`, `tagname`, `type`, `unit`, `unit_conversion`, `value`, `equipment_id`, `min`, `max`, `test_type`) VALUES (229, b'0', NULL, NULL, NULL, NULL, b'1', '역률', 'U001_PWR_PF', 'PWR_PF', '%', NULL, NULL, 3, 7, 15, 'double');
INSERT INTO `tag_list` (`tag_id`, `is_alarm`, `is_trend`, `is_usage`, `logging_time`, `nickname`, `show_able`, `tag_description`, `tagname`, `type`, `unit`, `unit_conversion`, `value`, `equipment_id`, `min`, `max`, `test_type`) VALUES (230, b'0', NULL, NULL, NULL, NULL, b'1', '전압', 'U001_PWR_V', 'PWR_V', 'V', NULL, NULL, 3, 7, 15, 'double');
INSERT INTO `tag_list` (`tag_id`, `is_alarm`, `is_trend`, `is_usage`, `logging_time`, `nickname`, `show_able`, `tag_description`, `tagname`, `type`, `unit`, `unit_conversion`, `value`, `equipment_id`, `min`, `max`, `test_type`) VALUES (231, b'0', NULL, NULL, NULL, NULL, b'1', '압력', 'U006_AIR_PRE', 'AIR_PRE', 'bar', NULL, NULL, 10, 7, 15, 'double');
INSERT INTO `tag_list` (`tag_id`, `is_alarm`, `is_trend`, `is_usage`, `logging_time`, `nickname`, `show_able`, `tag_description`, `tagname`, `type`, `unit`, `unit_conversion`, `value`, `equipment_id`, `min`, `max`, `test_type`) VALUES (232, b'0', NULL, NULL, NULL, NULL, b'1', '순시유량', 'U005_AIR_Flow', 'AIR_Flow', 'm³', NULL, NULL, 4, 7, 15, 'double');
INSERT INTO `tag_list` (`tag_id`, `is_alarm`, `is_trend`, `is_usage`, `logging_time`, `nickname`, `show_able`, `tag_description`, `tagname`, `type`, `unit`, `unit_conversion`, `value`, `equipment_id`, `min`, `max`, `test_type`) VALUES (233, b'0', NULL, NULL, NULL, NULL, b'1', '적산유량', 'U005_AIR_Con', 'AIR_Con', 'm³', NULL, NULL, 4, 7, 15, 'double');
INSERT INTO `tag_list` (`tag_id`, `is_alarm`, `is_trend`, `is_usage`, `logging_time`, `nickname`, `show_able`, `tag_description`, `tagname`, `type`, `unit`, `unit_conversion`, `value`, `equipment_id`, `min`, `max`, `test_type`) VALUES (234, b'0', NULL, NULL, NULL, NULL, b'1', '온도', 'U005_AIR_Temp', 'AIR_Temp', '℃', NULL, NULL, 4, 7, 15, 'double');
INSERT INTO `tag_list` (`tag_id`, `is_alarm`, `is_trend`, `is_usage`, `logging_time`, `nickname`, `show_able`, `tag_description`, `tagname`, `type`, `unit`, `unit_conversion`, `value`, `equipment_id`, `min`, `max`, `test_type`) VALUES (235, b'0', NULL, NULL, NULL, NULL, b'1', '온도', 'U007_WAR_Temp', 'WAR_Temp', '℃', NULL, NULL, 7, 7, 15, 'double');
INSERT INTO `tag_list` (`tag_id`, `is_alarm`, `is_trend`, `is_usage`, `logging_time`, `nickname`, `show_able`, `tag_description`, `tagname`, `type`, `unit`, `unit_conversion`, `value`, `equipment_id`, `min`, `max`, `test_type`) VALUES (236, b'0', NULL, NULL, NULL, NULL, b'1', '최종 냉각기 배출 압력', 'U004_COMP_ACDisPre', 'COMP_ACDisPre', 'bar', NULL, NULL, 1, 7, 15, 'double');
INSERT INTO `tag_list` (`tag_id`, `is_alarm`, `is_trend`, `is_usage`, `logging_time`, `nickname`, `show_able`, `tag_description`, `tagname`, `type`, `unit`, `unit_conversion`, `value`, `equipment_id`, `min`, `max`, `test_type`) VALUES (237, b'0', NULL, NULL, NULL, NULL, b'1', '활성 트립 코드', 'U004_COMP_ActTripCode', 'COMP_ActTripCode', NULL, NULL, NULL, 1, 1, 17, 'double');
INSERT INTO `tag_list` (`tag_id`, `is_alarm`, `is_trend`, `is_usage`, `logging_time`, `nickname`, `show_able`, `tag_description`, `tagname`, `type`, `unit`, `unit_conversion`, `value`, `equipment_id`, `min`, `max`, `test_type`) VALUES (238, b'0', NULL, NULL, NULL, NULL, b'1', '활성 경고 코드', 'U004_COMP_ActWarCode', 'COMP_ActWarCode', NULL, NULL, NULL, 1, 7, 15, 'double');
INSERT INTO `tag_list` (`tag_id`, `is_alarm`, `is_trend`, `is_usage`, `logging_time`, `nickname`, `show_able`, `tag_description`, `tagname`, `type`, `unit`, `unit_conversion`, `value`, `equipment_id`, `min`, `max`, `test_type`) VALUES (239, b'0', NULL, NULL, NULL, NULL, b'1', '최종냉각기 방전온도', 'U004_COMP_AfcDisTemp', 'COMP_AfcDisTemp', '℃', NULL, NULL, 1, 7, 15, 'double');
INSERT INTO `tag_list` (`tag_id`, `is_alarm`, `is_trend`, `is_usage`, `logging_time`, `nickname`, `show_able`, `tag_description`, `tagname`, `type`, `unit`, `unit_conversion`, `value`, `equipment_id`, `min`, `max`, `test_type`) VALUES (240, b'0', NULL, NULL, NULL, NULL, b'1', '에어엔드 방전 온도', 'U004_COMP_AirDisTemp', 'COMP_AirDisTemp', '℃', NULL, NULL, 1, 7, 15, 'double');
INSERT INTO `tag_list` (`tag_id`, `is_alarm`, `is_trend`, `is_usage`, `logging_time`, `nickname`, `show_able`, `tag_description`, `tagname`, `type`, `unit`, `unit_conversion`, `value`, `equipment_id`, `min`, `max`, `test_type`) VALUES (241, b'0', NULL, NULL, NULL, NULL, b'1', '냉각수 필터 입구 압력', 'U004_COMP_CoolInPre', 'COMP_CoolInPre', 'bar', NULL, NULL, 1, 7, 15, 'double');
INSERT INTO `tag_list` (`tag_id`, `is_alarm`, `is_trend`, `is_usage`, `logging_time`, `nickname`, `show_able`, `tag_description`, `tagname`, `type`, `unit`, `unit_conversion`, `value`, `equipment_id`, `min`, `max`, `test_type`) VALUES (242, b'0', NULL, NULL, NULL, NULL, b'1', '냉각수 필터 출구 압력', 'U004_COMP_CoolOutPre', 'COMP_CoolOutPre', 'bar', NULL, NULL, 1, 7, 15, 'double');
INSERT INTO `tag_list` (`tag_id`, `is_alarm`, `is_trend`, `is_usage`, `logging_time`, `nickname`, `show_able`, `tag_description`, `tagname`, `type`, `unit`, `unit_conversion`, `value`, `equipment_id`, `min`, `max`, `test_type`) VALUES (243, b'0', NULL, NULL, NULL, NULL, b'1', '냉각수 필터 압력 강하', 'U004_COMP_CoolPreDrop', 'COMP_CoolPreDrop', 'bar', NULL, NULL, 1, 7, 15, 'double');
INSERT INTO `tag_list` (`tag_id`, `is_alarm`, `is_trend`, `is_usage`, `logging_time`, `nickname`, `show_able`, `tag_description`, `tagname`, `type`, `unit`, `unit_conversion`, `value`, `equipment_id`, `min`, `max`, `test_type`) VALUES (244, b'0', NULL, NULL, NULL, NULL, b'1', '드라이어 응축기 온도', 'U004_COMP_DryCondTemp', 'COMP_DryCondTemp', '℃', NULL, NULL, 1, 7, 15, 'double');
INSERT INTO `tag_list` (`tag_id`, `is_alarm`, `is_trend`, `is_usage`, `logging_time`, `nickname`, `show_able`, `tag_description`, `tagname`, `type`, `unit`, `unit_conversion`, `value`, `equipment_id`, `min`, `max`, `test_type`) VALUES (245, b'0', NULL, NULL, NULL, NULL, b'1', '드라이어 증발기 온도', 'U004_COMP_DryEvapTemp', 'COMP_DryEvapTemp', '℃', NULL, NULL, 1, 7, 15, 'double');
INSERT INTO `tag_list` (`tag_id`, `is_alarm`, `is_trend`, `is_usage`, `logging_time`, `nickname`, `show_able`, `tag_description`, `tagname`, `type`, `unit`, `unit_conversion`, `value`, `equipment_id`, `min`, `max`, `test_type`) VALUES (246, b'0', NULL, NULL, NULL, NULL, b'1', '주입된 냉각수 온도', 'U004_COMP_InCoolTemp', 'COMP_InCoolTemp', '℃', NULL, NULL, 1, 7, 15, 'double');
INSERT INTO `tag_list` (`tag_id`, `is_alarm`, `is_trend`, `is_usage`, `logging_time`, `nickname`, `show_able`, `tag_description`, `tagname`, `type`, `unit`, `unit_conversion`, `value`, `equipment_id`, `min`, `max`, `test_type`) VALUES (247, b'0', NULL, NULL, NULL, NULL, b'1', '흡기 진공', 'U004_COMP_InletVacuum', 'COMP_InletVacuum', NULL, NULL, NULL, 1, 7, 15, 'double');
INSERT INTO `tag_list` (`tag_id`, `is_alarm`, `is_trend`, `is_usage`, `logging_time`, `nickname`, `show_able`, `tag_description`, `tagname`, `type`, `unit`, `unit_conversion`, `value`, `equipment_id`, `min`, `max`, `test_type`) VALUES (248, b'0', NULL, NULL, NULL, NULL, b'1', '단계간 압력', 'U004_COMP_InterPre', 'COMP_InterPre', 'bar', NULL, NULL, 1, 7, 15, 'double');
INSERT INTO `tag_list` (`tag_id`, `is_alarm`, `is_trend`, `is_usage`, `logging_time`, `nickname`, `show_able`, `tag_description`, `tagname`, `type`, `unit`, `unit_conversion`, `value`, `equipment_id`, `min`, `max`, `test_type`) VALUES (249, b'0', NULL, NULL, NULL, NULL, b'1', '0=Unload 1=Load', 'U004_COMP_Load', 'COMP_Load', NULL, NULL, NULL, 1, 0, 1, 'double');
INSERT INTO `tag_list` (`tag_id`, `is_alarm`, `is_trend`, `is_usage`, `logging_time`, `nickname`, `show_able`, `tag_description`, `tagname`, `type`, `unit`, `unit_conversion`, `value`, `equipment_id`, `min`, `max`, `test_type`) VALUES (250, b'0', NULL, NULL, NULL, NULL, b'1', '0=local 1 = Host', 'U004_COMP_Local', 'COMP_Local', NULL, NULL, NULL, 1, 0, 1, 'double');
INSERT INTO `tag_list` (`tag_id`, `is_alarm`, `is_trend`, `is_usage`, `logging_time`, `nickname`, `show_able`, `tag_description`, `tagname`, `type`, `unit`, `unit_conversion`, `value`, `equipment_id`, `min`, `max`, `test_type`) VALUES (251, b'0', NULL, NULL, NULL, NULL, b'1', '로드된 시간(높은 바이트, 낮은 바이트)', 'U004_COMP_LodeHours', 'COMP_LodeHours', 'H', NULL, NULL, 1, 7, 15, 'double');
INSERT INTO `tag_list` (`tag_id`, `is_alarm`, `is_trend`, `is_usage`, `logging_time`, `nickname`, `show_able`, `tag_description`, `tagname`, `type`, `unit`, `unit_conversion`, `value`, `equipment_id`, `min`, `max`, `test_type`) VALUES (252, b'0', NULL, NULL, NULL, NULL, b'1', '오일쿨러 출구 온도', 'U004_COMP_OilOutTemp', 'COMP_OilOutTemp', '℃', NULL, NULL, 1, 7, 15, 'double');
INSERT INTO `tag_list` (`tag_id`, `is_alarm`, `is_trend`, `is_usage`, `logging_time`, `nickname`, `show_able`, `tag_description`, `tagname`, `type`, `unit`, `unit_conversion`, `value`, `equipment_id`, `min`, `max`, `test_type`) VALUES (253, b'0', NULL, NULL, NULL, NULL, b'1', '패키지 방전 압력', 'U004_COMP_PackDisPre', 'COMP_PackDisPre', 'bar', NULL, NULL, 1, 7, 15, 'double');
INSERT INTO `tag_list` (`tag_id`, `is_alarm`, `is_trend`, `is_usage`, `logging_time`, `nickname`, `show_able`, `tag_description`, `tagname`, `type`, `unit`, `unit_conversion`, `value`, `equipment_id`, `min`, `max`, `test_type`) VALUES (254, b'0', NULL, NULL, NULL, NULL, b'1', '패키지 입구 온도', 'U004_COMP_PackInTemp', 'COMP_PackInTemp', '℃', NULL, NULL, 1, 7, 15, 'double');
INSERT INTO `tag_list` (`tag_id`, `is_alarm`, `is_trend`, `is_usage`, `logging_time`, `nickname`, `show_able`, `tag_description`, `tagname`, `type`, `unit`, `unit_conversion`, `value`, `equipment_id`, `min`, `max`, `test_type`) VALUES (255, b'0', NULL, NULL, NULL, NULL, b'1', '0= stop 1 start strat control', 'U004_COMP_Power', 'COMP_Power', NULL, NULL, NULL, 1, 0, 1, 'double');
INSERT INTO `tag_list` (`tag_id`, `is_alarm`, `is_trend`, `is_usage`, `logging_time`, `nickname`, `show_able`, `tag_description`, `tagname`, `type`, `unit`, `unit_conversion`, `value`, `equipment_id`, `min`, `max`, `test_type`) VALUES (256, b'0', NULL, NULL, NULL, NULL, b'1', '파워온 시간(높은 바이트, 낮은 바이트)', 'U004_COMP_PowerOnHour', 'COMP_PowerOnHour', 'H', NULL, NULL, 1, 7, 15, 'double');
INSERT INTO `tag_list` (`tag_id`, `is_alarm`, `is_trend`, `is_usage`, `logging_time`, `nickname`, `show_able`, `tag_description`, `tagname`, `type`, `unit`, `unit_conversion`, `value`, `equipment_id`, `min`, `max`, `test_type`) VALUES (257, b'0', NULL, NULL, NULL, NULL, b'1', '원격 압력', 'U004_COMP_RemotePre', 'COMP_RemotePre', 'bar', NULL, NULL, 1, 7, 15, 'double');
INSERT INTO `tag_list` (`tag_id`, `is_alarm`, `is_trend`, `is_usage`, `logging_time`, `nickname`, `show_able`, `tag_description`, `tagname`, `type`, `unit`, `unit_conversion`, `value`, `equipment_id`, `min`, `max`, `test_type`) VALUES (258, b'0', NULL, NULL, NULL, NULL, b'1', '실행시간(높은 바이트, 낮은 바이트)', 'U004_COMP_RunHours', 'COMP_RunHours', 'H', NULL, NULL, 1, 7, 15, 'double');
INSERT INTO `tag_list` (`tag_id`, `is_alarm`, `is_trend`, `is_usage`, `logging_time`, `nickname`, `show_able`, `tag_description`, `tagname`, `type`, `unit`, `unit_conversion`, `value`, `equipment_id`, `min`, `max`, `test_type`) VALUES (259, b'0', NULL, NULL, NULL, NULL, b'1', '분리기 압력 강하', 'U004_COMP_SepPreDrop', 'COMP_SepPreDrop', 'bar', NULL, NULL, 1, 7, 15, 'double');
INSERT INTO `tag_list` (`tag_id`, `is_alarm`, `is_trend`, `is_usage`, `logging_time`, `nickname`, `show_able`, `tag_description`, `tagname`, `type`, `unit`, `unit_conversion`, `value`, `equipment_id`, `min`, `max`, `test_type`) VALUES (260, b'0', NULL, NULL, NULL, NULL, b'1', '스타터 유형', 'U004_COMP_StarterType', 'COMP_StarterType', NULL, NULL, NULL, 1, 7, 15, 'double');
INSERT INTO `tag_list` (`tag_id`, `is_alarm`, `is_trend`, `is_usage`, `logging_time`, `nickname`, `show_able`, `tag_description`, `tagname`, `type`, `unit`, `unit_conversion`, `value`, `equipment_id`, `min`, `max`, `test_type`) VALUES (261, b'0', NULL, NULL, NULL, NULL, b'1', '온라인 압력', 'U004_COMP_StartPre', 'COMP_StartPre', 'bar', NULL, NULL, 1, 7, 15, 'double');
INSERT INTO `tag_list` (`tag_id`, `is_alarm`, `is_trend`, `is_usage`, `logging_time`, `nickname`, `show_able`, `tag_description`, `tagname`, `type`, `unit`, `unit_conversion`, `value`, `equipment_id`, `min`, `max`, `test_type`) VALUES (262, b'0', NULL, NULL, NULL, NULL, b'1', '오프라인 압력', 'U004_COMP_StopPre', 'COMP_StopPre', 'bar', NULL, NULL, 1, 7, 15, 'double');
INSERT INTO `tag_list` (`tag_id`, `is_alarm`, `is_trend`, `is_usage`, `logging_time`, `nickname`, `show_able`, `tag_description`, `tagname`, `type`, `unit`, `unit_conversion`, `value`, `equipment_id`, `min`, `max`, `test_type`) VALUES (263, b'0', NULL, NULL, NULL, NULL, b'1', '섬프 압력', 'U004_COMP_SumpPre', 'COMP_SumpPre', 'bar', NULL, NULL, 1, 7, 15, 'double');
INSERT INTO `tag_list` (`tag_id`, `is_alarm`, `is_trend`, `is_usage`, `logging_time`, `nickname`, `show_able`, `tag_description`, `tagname`, `type`, `unit`, `unit_conversion`, `value`, `equipment_id`, `min`, `max`, `test_type`) VALUES (264, b'0', NULL, NULL, NULL, NULL, b'1', '시스템 압력', 'U004_COMP_SystemPre', 'COMP_SystemPre', 'bar', NULL, NULL, 1, 7, 15, 'double');
INSERT INTO `tag_list` (`tag_id`, `is_alarm`, `is_trend`, `is_usage`, `logging_time`, `nickname`, `show_able`, `tag_description`, `tagname`, `type`, `unit`, `unit_conversion`, `value`, `equipment_id`, `min`, `max`, `test_type`) VALUES (265, b'1', NULL, NULL, NULL, NULL, b'1', '0=No active trips 1=active trips', 'U004_COMP_Trip', 'COMP_Trip', NULL, NULL, NULL, 1, 0, 1, 'double');
INSERT INTO `tag_list` (`tag_id`, `is_alarm`, `is_trend`, `is_usage`, `logging_time`, `nickname`, `show_able`, `tag_description`, `tagname`, `type`, `unit`, `unit_conversion`, `value`, `equipment_id`, `min`, `max`, `test_type`) VALUES (266, b'1', NULL, NULL, NULL, NULL, b'1', '0=No active Warnings 1=active Warnings', 'U004_COMP_Warning', 'COMP_Warning', NULL, NULL, NULL, 1, 0, 1, 'double');
