-- INSERT INTO `day_of_week` (`day_of_week_id`, `idx`, `name`) VALUES (1, 0, '토요일');
-- INSERT INTO `day_of_week` (`day_of_week_id`, `idx`, `name`) VALUES (2, 1, '일요일');
-- INSERT INTO `day_of_week` (`day_of_week_id`, `idx`, `name`) VALUES (3, 2, '월요일');
-- INSERT INTO `day_of_week` (`day_of_week_id`, `idx`, `name`) VALUES (4, 3, '화요일');
-- INSERT INTO `day_of_week` (`day_of_week_id`, `idx`, `name`) VALUES (5, 4, '수요일');
-- INSERT INTO `day_of_week` (`day_of_week_id`, `idx`, `name`) VALUES (6, 5, '목요일');
-- INSERT INTO `day_of_week` (`day_of_week_id`, `idx`, `name`) VALUES (7, 6, '금요일');
-- INSERT INTO `day_of_week` (`day_of_week_id`, `idx`, `name`) VALUES (8, 7, '토요일');
-- INSERT INTO `week` (`week_id`, `idx`, `name`) VALUES (1, 1, '첫째주');
-- INSERT INTO `week` (`week_id`, `idx`, `name`) VALUES (2, 2, '둘째주');
-- INSERT INTO `week` (`week_id`, `idx`, `name`) VALUES (3, 3, '셋째주');
-- INSERT INTO `week` (`week_id`, `idx`, `name`) VALUES (4, 4, '넷째주');
-- INSERT INTO `week` (`week_id`, `idx`, `name`) VALUES (5, 5, '다섯째주');
-- INSERT INTO `week` (`week_id`, `idx`, `name`) VALUES (6, 6, '여섯째주');
-- INSERT INTO `equipment` (`equipment_id`, `created`, `maker`, `name`, `type`, `updated`, `model`) VALUES (1, '2021-05-20 09:31:14.000000', NULL, 'EPIC-M2500', 'compressor', '2021-05-20 09:31:14.000000', 'EPIC-M2500');
-- INSERT INTO `equipment` (`equipment_id`, `created`, `maker`, `name`, `type`, `updated`, `model`) VALUES (3, '2020-11-09 22:44:07.000000', '루텍', 'Accura', '전력', '2020-11-09 22:44:07.000000', 'Accura');
-- INSERT INTO `equipment` (`equipment_id`, `created`, `maker`, `name`, `type`, `updated`, `model`) VALUES (4, '2021-04-29 11:21:37.000000', NULL, '유량계', '유량계', '2021-04-29 11:21:37.000000', NULL);
-- INSERT INTO `equipment` (`equipment_id`, `created`, `maker`, `name`, `type`, `updated`, `model`) VALUES (6, '2021-05-20 10:13:01.000000', NULL, '습도 계측기', '습도계', '2021-05-20 10:13:01.000000', NULL);
-- INSERT INTO `equipment` (`equipment_id`, `created`, `maker`, `name`, `type`, `updated`, `model`) VALUES (7, '2021-05-20 10:11:12.000000', NULL, '온도 계측기', '온도계', '2021-05-20 10:12:58.000000', NULL);
-- INSERT INTO `equipment` (`equipment_id`, `created`, `maker`, `name`, `type`, `updated`, `model`) VALUES (8, '2021-07-01 15:46:18.000000', NULL, '온습도 계측기', '온습도계', '2021-07-01 15:46:18.000000', NULL);
-- INSERT INTO `equipment` (`equipment_id`, `created`, `maker`, `name`, `type`, `updated`, `model`) VALUES (9, '2022-03-08 13:06:28.000000', '남전사', '남전사', '전력', '2022-03-08 13:06:29.000000', '남전사');
